TOPIC: (((Cost benefit) OR (Cost-benefit) OR (Cost utility) OR (Cost-utility)) AND analysis) AND TOPIC: (Fisher*),,,,,,,,,,,,,,,,,,,,,,,,,,,,,,,,,,,,,,,,,,,,,,,,,,,,,,,,,,,,,,,,,,,,,,,,,,,,,,,,,,,,,,,,,,,,,,,,,,,,,,,,,,,,,,,,,,,,,,,,,,,,,,,,,,,,,,,,,,,
null,,,,,,,,,,,,,,,,,,,,,,,,,,,,,,,,,,,,,,,,,,,,,,,,,,,,,,,,,,,,,,,,,,,,,,,,,,,,,,,,,,,,,,,,,,,,,,,,,,,,,,,,,,,,,,,,,,,,,,,,,,,,,,,,,,,,,,,,,,,
"Timespan=All years. Indexes=SCI-EXPANDED, SSCI, A&HCI, CPCI-S, CPCI-SSH, BKCI-S, BKCI-SSH, ESCI, CCR-EXPANDED, IC.",,,,,,,,,,,,,,,,,,,,,,,,,,,,,,,,,,,,,,,,,,,,,,,,,,,,,,,,,,,,,,,,,,,,,,,,,,,,,,,,,,,,,,,,,,,,,,,,,,,,,,,,,,,,,,,,,,,,,,,,,,,,,,,,,,,,,,,,,,,
,,,,,,,,,,,,,,,,,,,,,,,,,,,,,,,,,,,,,,,,,,,,,,,,,,,,,,,,,,,,,,,,,,,,,,,,,,,,,,,,,,,,,,,,,,,,,,,,,,,,,,,,,,,,,,,,,,,,,,,,,,,,,,,,,,,,,,,,,,,
,,,,,,,,,,,,,,,,,,,,,,,,,,,,,,,,,,,,,,,,,,,,,,,,,,,,,,,,,,,,,,,,,,,,,,,,,,,,,,,,,,,,,,,,,,,,,,,,,,,,,,,,,,,,,,,,,,,,,,,,,,,,,,,,,,,,,,,,,,,
,,,,,,,,,,,,,,,,,,,,,,,,,,,,,,,,,,,,,,,,,,,,,,,,,,,,,,,,,,,,,,,,,,,,,,,,,,,,,,,,,,,,,,,,,,,,,,,,,,,,,,,,,,,,,,,,,,,,,,,,,,,,,,,,,,,,,,,,,,,
,,Total Publications by Year,,,,,,,,,Sum of Times Cited by Year,,,,,,,,,,,,,,,,,,,,,,,,,,,,,,,,,,,,,,,,,,,,,,,,,,,,,,,,,,,,,,,,,,,,,,,,,,,,,,,,,,,,,,,,,,,,,,,,,,,,,,,,,,,,,,,,,,,,,,,,,,,,,,,,
,,,,,,,,,,,,,,,,,,,,,,,,,,,,,,,,,,,,,,,,,,,,,,,,,,,,,,,,,,,,,,,,,,,,,,,,,,,,,,,,,,,,,,,,,,,,,,,,,,,,,,,,,,,,,,,,,,,,,,,,,,,,,,,,,,,,,,,,,,,
,,,,,,,,,,,,,,,,,,,,,,,,,,,,,,,,,,,,,,,,,,,,,,,,,,,,,,,,,,,,,,,,,,,,,,,,,,,,,,,,,,,,,,,,,,,,,,,,,,,,,,,,,,,,,,,,,,,,,,,,,,,,,,,,,,,,,,,,,,,
,,,,,,,,,,,,,,,,,,,,,,,,,,,,,,,,,,,,,,,,,,,,,,,,,,,,,,,,,,,,,,,,,,,,,,,,,,,,,,,,,,,,,,,,,,,,,,,,,,,,,,,,,,,,,,,,,,,,,,,,,,,,,,,,,,,,,,,,,,,
,,,,,,,,,,,,,,,,,,,,,,,,,,,,,,,,,,,,,,,,,,,,,,,,,,,,,,,,,,,,,,,,,,,,,,,,,,,,,,,,,,,,,,,,,,,,,,,,,,,,,,,,,,,,,,,,,,,,,,,,,,,,,,,,,,,,,,,,,,,
,,,,,,,,,,,,,,,,,,,,,,,,,,,,,,,,,,,,,,,,,,,,,,,,,,,,,,,,,,,,,,,,,,,,,,,,,,,,,,,,,,,,,,,,,,,,,,,,,,,,,,,,,,,,,,,,,,,,,,,,,,,,,,,,,,,,,,,,,,,
,,,,,,,,,,,,,,,,,,,,,,,,,,,,,,,,,,,,,,,,,,,,,,,,,,,,,,,,,,,,,,,,,,,,,,,,,,,,,,,,,,,,,,,,,,,,,,,,,,,,,,,,,,,,,,,,,,,,,,,,,,,,,,,,,,,,,,,,,,,
,,,,,,,,,,,,,,,,,,,,,,,,,,,,,,,,,,,,,,,,,,,,,,,,,,,,,,,,,,,,,,,,,,,,,,,,,,,,,,,,,,,,,,,,,,,,,,,,,,,,,,,,,,,,,,,,,,,,,,,,,,,,,,,,,,,,,,,,,,,
,,,,,,,,,,,,,,,,,,,,,,,,,,,,,,,,,,,,,,,,,,,,,,,,,,,,,,,,,,,,,,,,,,,,,,,,,,,,,,,,,,,,,,,,,,,,,,,,,,,,,,,,,,,,,,,,,,,,,,,,,,,,,,,,,,,,,,,,,,,
,,,,,,,,,,,,,,,,,,,,,,,,,,,,,,,,,,,,,,,,,,,,,,,,,,,,,,,,,,,,,,,,,,,,,,,,,,,,,,,,,,,,,,,,,,,,,,,,,,,,,,,,,,,,,,,,,,,,,,,,,,,,,,,,,,,,,,,,,,,
,,,,,,,,,,,,,,,,,,,,,,,,,,,,,,,,,,,,,,,,,,,,,,,,,,,,,,,,,,,,,,,,,,,,,,,,,,,,,,,,,,,,,,,,,,,,,,,,,,,,,,,,,,,,,,,,,,,,,,,,,,,,,,,,,,,,,,,,,,,
,,,,,,,,,,,,,,,,,,,,,,,,,,,,,,,,,,,,,,,,,,,,,,,,,,,,,,,,,,,,,,,,,,,,,,,,,,,,,,,,,,,,,,,,,,,,,,,,,,,,,,,,,,,,,,,,,,,,,,,,,,,,,,,,,,,,,,,,,,,
,,,,,,,,,,,,,,,,,,,,,,,,,,,,,,,,,,,,,,,,,,,,,,,,,,,,,,,,,,,,,,,,,,,,,,,,,,,,,,,,,,,,,,,,,,,,,,,,,,,,,,,,,,,,,,,,,,,,,,,,,,,,,,,,,,,,,,,,,,,
,,,,,,,,,,,,,,,,,,,,,,,,,,,,,,,,,,,,,,,,,,,,,,,,,,,,,,,,,,,,,,,,,,,,,,,,,,,,,,,,,,,,,,,,,,,,,,,,,,,,,,,,,,,,,,,,,,,,,,,,,,,,,,,,,,,,,,,,,,,
,,,,,,,,,,,,,,,,,,,,,,,,,,,,,,,,,,,,,,,,,,,,,,,,,,,,,,,,,,,,,,,,,,,,,,,,,,,,,,,,,,,,,,,,,,,,,,,,,,,,,,,,,,,,,,,,,,,,,,,,,,,,,,,,,,,,,,,,,,,
,,,,,,,,,,,,,,,,,,,,,,,,,,,,,,,,,,,,,,,,,,,,,,,,,,,,,,,,,,,,,,,,,,,,,,,,,,,,,,,,,,,,,,,,,,,,,,,,,,,,,,,,,,,,,,,,,,,,,,,,,,,,,,,,,,,,,,,,,,,
,,,,,,,,,,,,,,,,,,,,,,,,,,,,,,,,,,,,,,,,,,,,,,,,,,,,,,,,,,,,,,,,,,,,,,,,,,,,,,,,,,,,,,,,,,,,,,,,,,,,,,,,,,,,,,,,,,,,,,,,,,,,,,,,,,,,,,,,,,,
Results found,110,,,,,,,,,,,,,,,,,,,,,,,,,,,,,,,,,,,,,,,,,,,,,,,,,,,,,,,,,,,,,,,,,,,,,,,,,,,,,,,,,,,,,,,,,,,,,,,,,,,,,,,,,,,,,,,,,,,,,,,,,,,,,,,,,,,,,,,,,,
Sum of the Times Cited,2884,,,,,,,,,,,,,,,,,,,,,,,,,,,,,,,,,,,,,,,,,,,,,,,,,,,,,,,,,,,,,,,,,,,,,,,,,,,,,,,,,,,,,,,,,,,,,,,,,,,,,,,,,,,,,,,,,,,,,,,,,,,,,,,,,,,,,,,,,,
Average Citations per Item,26.22,,,,,,,,,,,,,,,,,,,,,,,,,,,,,,,,,,,,,,,,,,,,,,,,,,,,,,,,,,,,,,,,,,,,,,,,,,,,,,,,,,,,,,,,,,,,,,,,,,,,,,,,,,,,,,,,,,,,,,,,,,,,,,,,,,,,,,,,,,
h-index,24,,,,,,,,,,,,,,,,,,,,,,,,,,,,,,,,,,,,,,,,,,,,,,,,,,,,,,,,,,,,,,,,,,,,,,,,,,,,,,,,,,,,,,,,,,,,,,,,,,,,,,,,,,,,,,,,,,,,,,,,,,,,,,,,,,,,,,,,,,
,,,,,,,,,,,,,,,,,,,,,,,,,,,,,,,,,,,,,,,,,,,,,,,,,,,,,,,,,,,,,,,,,,,,,,,,,,,,,,,,,,,,,,,,,,,,,,,,,,,,,,,,,,,,,,,,,,,,,,,,,,,,,,,,,,,,,,,,,,,
Title,Authors,Corporate Authors,Editors,Book Editors,Source Title,Publication Date,Publication Year,Volume,Issue,Part Number,Supplement,Special Issue,Beginning Page,Ending Page,Article Number,DOI,Conference Title,Conference Date,Total Citations,Average per Year,1900,1901,1902,1903,1904,1905,1906,1907,1908,1909,1910,1911,1912,1913,1914,1915,1916,1917,1918,1919,1920,1921,1922,1923,1924,1925,1926,1927,1928,1929,1930,1931,1932,1933,1934,1935,1936,1937,1938,1939,1940,1941,1942,1943,1944,1945,1946,1947,1948,1949,1950,1951,1952,1953,1954,1955,1956,1957,1958,1959,1960,1961,1962,1963,1964,1965,1966,1967,1968,1969,1970,1971,1972,1973,1974,1975,1976,1977,1978,1979,1980,1981,1982,1983,1984,1985,1986,1987,1988,1989,1990,1991,1992,1993,1994,1995,1996,1997,1998,1999,2000,2001,2002,2003,2004,2005,2006,2007,2008,2009,2010,2011,2012,2013,2014,2015,2016,2017,2018
From comparative risk assessment to multi-criteria decision analysis and adaptive management: Recent developments and applications,"Linkov, I.; Satterstrom, F. K.; Kiker, G.; Batchelor, C.; Bridges, T.; Ferguson, E.",,,,ENVIRONMENT INTERNATIONAL,Dec-06,2006,32,8,,,,1072,1093,,10.1016/j.envint.2006.06.013,,,216,18,0,0,0,0,0,0,0,0,0,0,0,0,0,0,0,0,0,0,0,0,0,0,0,0,0,0,0,0,0,0,0,0,0,0,0,0,0,0,0,0,0,0,0,0,0,0,0,0,0,0,0,0,0,0,0,0,0,0,0,0,0,0,0,0,0,0,0,0,0,0,0,0,0,0,0,0,0,0,0,0,0,0,0,0,0,0,0,0,0,0,0,0,0,0,0,0,0,0,0,0,0,0,0,0,0,0,0,5,13,9,11,19,23,24,31,25,35,21,0
Adaptive management of the Great Barrier Reef: A globally significant demonstration of the benefits of networks of marine reserves,"McCook, Laurence J.; Ayling, Tony; Cappo, Mike; Choat, J. Howard; Evans, Richard D.; De Freitas, Debora M.; Heupel, Michelle; Hughes, Terry P.; Jones, Geoffrey P.; Mapstone, Bruce; Marsh, Helene; Mills, Morena; Molloy, Fergus J.; Pitcher, C. Roland; Pressey, Robert L.; Russ, Garry R.; Sutton, Stephen; Sweatman, Hugh; Tobin, Renae; Wachenfeld, David R.; Williamson, David H.",,,,PROCEEDINGS OF THE NATIONAL ACADEMY OF SCIENCES OF THE UNITED STATES OF AMERICA,OCT 26 2010,2010,107,43,,,,18278,18285,,10.1073/pnas.0909335107,,,207,25.88,0,0,0,0,0,0,0,0,0,0,0,0,0,0,0,0,0,0,0,0,0,0,0,0,0,0,0,0,0,0,0,0,0,0,0,0,0,0,0,0,0,0,0,0,0,0,0,0,0,0,0,0,0,0,0,0,0,0,0,0,0,0,0,0,0,0,0,0,0,0,0,0,0,0,0,0,0,0,0,0,0,0,0,0,0,0,0,0,0,0,0,0,0,0,0,0,0,0,0,0,0,0,0,0,0,0,0,0,0,0,4,18,22,33,30,39,36,25,0
Economic Analysis for Ecosystem Service Assessments,"Bateman, Ian J.; Mace, Georgina M.; Fezzi, Carlo; Atkinson, Giles; Turner, Kerry",,,,ENVIRONMENTAL & RESOURCE ECONOMICS,Feb-11,2011,48,2,,,,177,218,,10.1007/s10640-010-9418-x,,,184,26.29,0,0,0,0,0,0,0,0,0,0,0,0,0,0,0,0,0,0,0,0,0,0,0,0,0,0,0,0,0,0,0,0,0,0,0,0,0,0,0,0,0,0,0,0,0,0,0,0,0,0,0,0,0,0,0,0,0,0,0,0,0,0,0,0,0,0,0,0,0,0,0,0,0,0,0,0,0,0,0,0,0,0,0,0,0,0,0,0,0,0,0,0,0,0,0,0,0,0,0,0,0,0,0,0,0,0,0,0,0,0,0,9,17,25,26,39,45,23,0
An ecological perspective on the valuation of ecosystem services,"Chee, YE",,,,BIOLOGICAL CONSERVATION,Dec-04,2004,120,4,,,,549,565,,10.1016/j.biocon.2004.03.028,,,184,13.14,0,0,0,0,0,0,0,0,0,0,0,0,0,0,0,0,0,0,0,0,0,0,0,0,0,0,0,0,0,0,0,0,0,0,0,0,0,0,0,0,0,0,0,0,0,0,0,0,0,0,0,0,0,0,0,0,0,0,0,0,0,0,0,0,0,0,0,0,0,0,0,0,0,0,0,0,0,0,0,0,0,0,0,0,0,0,0,0,0,0,0,0,0,0,0,0,0,0,0,0,0,0,0,0,0,1,6,12,9,10,12,18,15,22,20,24,26,9,0
Socio-economic impacts of shrimp culture,"Primavera, JH",,,,AQUACULTURE RESEARCH,Oct-97,1997,28,10,,,,815,827,,,Workshop on Aquaculture Research and Sustainable Development in Inland and Coastal Regions in South East Asia,"MAR, 1996",150,7.14,0,0,0,0,0,0,0,0,0,0,0,0,0,0,0,0,0,0,0,0,0,0,0,0,0,0,0,0,0,0,0,0,0,0,0,0,0,0,0,0,0,0,0,0,0,0,0,0,0,0,0,0,0,0,0,0,0,0,0,0,0,0,0,0,0,0,0,0,0,0,0,0,0,0,0,0,0,0,0,0,0,0,0,0,0,0,0,0,0,0,0,0,0,0,0,0,0,0,2,4,7,2,4,2,4,5,3,9,6,11,8,9,11,13,14,10,21,5,0
Philippine coral reefs under threat: The economic losses caused by reef destruction,"White, AT; Vogt, HP; Arin, T",,,,MARINE POLLUTION BULLETIN,Jul-00,2000,40,7,,,,598,605,,10.1016/S0025-326X(00)00022-9,,,88,4.89,0,0,0,0,0,0,0,0,0,0,0,0,0,0,0,0,0,0,0,0,0,0,0,0,0,0,0,0,0,0,0,0,0,0,0,0,0,0,0,0,0,0,0,0,0,0,0,0,0,0,0,0,0,0,0,0,0,0,0,0,0,0,0,0,0,0,0,0,0,0,0,0,0,0,0,0,0,0,0,0,0,0,0,0,0,0,0,0,0,0,0,0,0,0,0,0,0,0,0,0,0,2,2,6,3,2,5,2,7,3,7,7,7,7,6,11,5,6,0
Global scope and economics of illegal fishing,"Sumaila, U. R.; Alder, J.; Keith, H.",,,,MARINE POLICY,Nov-06,2006,30,6,,,,696,703,,10.1016/j.marpol.2005.11.001,,,85,7.08,0,0,0,0,0,0,0,0,0,0,0,0,0,0,0,0,0,0,0,0,0,0,0,0,0,0,0,0,0,0,0,0,0,0,0,0,0,0,0,0,0,0,0,0,0,0,0,0,0,0,0,0,0,0,0,0,0,0,0,0,0,0,0,0,0,0,0,0,0,0,0,0,0,0,0,0,0,0,0,0,0,0,0,0,0,0,0,0,0,0,0,0,0,0,0,0,0,0,0,0,0,0,0,0,0,0,0,3,6,8,7,3,10,4,15,15,11,3,0
An examination of chronic trawling effects on soft-bottom benthos of the eastern Bering Sea,"McConnaughey, RA; Mier, KL; Dew, CB",,,,ICES JOURNAL OF MARINE SCIENCE,Oct-00,2000,57,5,,,,1377,1388,,10.1006/jmsc.2000.0906,International-Council-for-the-Exploration-of-the-Sea Symposium on Marine Benthos Dynamics: Environmental and Fisheries Impacts,"OCT 05-07, 1998",82,4.56,0,0,0,0,0,0,0,0,0,0,0,0,0,0,0,0,0,0,0,0,0,0,0,0,0,0,0,0,0,0,0,0,0,0,0,0,0,0,0,0,0,0,0,0,0,0,0,0,0,0,0,0,0,0,0,0,0,0,0,0,0,0,0,0,0,0,0,0,0,0,0,0,0,0,0,0,0,0,0,0,0,0,0,0,0,0,0,0,0,0,0,0,0,0,0,0,0,0,0,0,2,0,4,5,5,11,7,7,5,3,2,6,4,3,6,2,5,5,0
Shellfish dredging pushes a flexible avian top predator out of a marine protected area,"van Gils, Jan A.; Piersma, Theunis; Dekinga, Anne; Spaans, Bernard; Kraan, Casper",,,,PLOS BIOLOGY,Dec-06,2006,4,12,,,,2399,2404,e376,10.1371/journal.pbio.0040376,,,70,5.83,0,0,0,0,0,0,0,0,0,0,0,0,0,0,0,0,0,0,0,0,0,0,0,0,0,0,0,0,0,0,0,0,0,0,0,0,0,0,0,0,0,0,0,0,0,0,0,0,0,0,0,0,0,0,0,0,0,0,0,0,0,0,0,0,0,0,0,0,0,0,0,0,0,0,0,0,0,0,0,0,0,0,0,0,0,0,0,0,0,0,0,0,0,0,0,0,0,0,0,0,0,0,0,0,0,0,1,5,7,8,13,3,5,8,6,2,6,6,0
Effects of Fisheries Closures and Gear Restrictions on Fishing Income in a Kenyan Coral Reef,"McClanahan, Timothy R.",,,,CONSERVATION BIOLOGY,Dec-10,2010,24,6,,,,1519,1528,,10.1111/j.1523-1739.2010.01530.x,,,65,8.12,0,0,0,0,0,0,0,0,0,0,0,0,0,0,0,0,0,0,0,0,0,0,0,0,0,0,0,0,0,0,0,0,0,0,0,0,0,0,0,0,0,0,0,0,0,0,0,0,0,0,0,0,0,0,0,0,0,0,0,0,0,0,0,0,0,0,0,0,0,0,0,0,0,0,0,0,0,0,0,0,0,0,0,0,0,0,0,0,0,0,0,0,0,0,0,0,0,0,0,0,0,0,0,0,0,0,0,0,0,0,1,7,12,11,6,10,11,7,0
The use of recombinant erythropoietin in the reduction of blood transfusion rates in craniosynostosis repair in infants and children,"Fearon, JA; Weinthal, J",,,,PLASTIC AND RECONSTRUCTIVE SURGERY,Jun-02,2002,109,7,,,,2190,2196,,10.1097/00006534-200206000-00002,Annual Meeting of the American-Association-of-Plastic-Surgeons,"MAY 13-16, 2001",64,4,0,0,0,0,0,0,0,0,0,0,0,0,0,0,0,0,0,0,0,0,0,0,0,0,0,0,0,0,0,0,0,0,0,0,0,0,0,0,0,0,0,0,0,0,0,0,0,0,0,0,0,0,0,0,0,0,0,0,0,0,0,0,0,0,0,0,0,0,0,0,0,0,0,0,0,0,0,0,0,0,0,0,0,0,0,0,0,0,0,0,0,0,0,0,0,0,0,0,0,0,0,0,1,2,3,3,3,1,5,3,2,9,3,2,7,8,7,5,0
"MODELING ECONOMY ECOLOGY LINKAGES IN MANGROVES - ECONOMIC EVIDENCE FOR PROMOTING CONSERVATION IN BINTUNI BAY, INDONESIA","RUITENBEEK, HJ",,,,ECOLOGICAL ECONOMICS,Aug-94,1994,10,3,,,,233,247,,,,,55,2.29,0,0,0,0,0,0,0,0,0,0,0,0,0,0,0,0,0,0,0,0,0,0,0,0,0,0,0,0,0,0,0,0,0,0,0,0,0,0,0,0,0,0,0,0,0,0,0,0,0,0,0,0,0,0,0,0,0,0,0,0,0,0,0,0,0,0,0,0,0,0,0,0,0,0,0,0,0,0,0,0,0,0,0,0,0,0,0,0,0,0,0,0,0,0,0,0,0,3,2,2,4,2,5,4,3,2,1,0,4,2,3,7,4,2,2,1,2,0,0
Variation in posing behaviour among fish species visiting cleaning stations,"Cote, IM; Arnal, C; Reynolds, JD",,,,JOURNAL OF FISH BIOLOGY,Dec-98,1998,53,,,A,,256,266,,10.1006/jfbi.1998.0806,Annual Symposium of the Fisheries-Society-of-the-British-Isles on Tropical Fish Biology,"JUL 13-16, 1998",48,2.4,0,0,0,0,0,0,0,0,0,0,0,0,0,0,0,0,0,0,0,0,0,0,0,0,0,0,0,0,0,0,0,0,0,0,0,0,0,0,0,0,0,0,0,0,0,0,0,0,0,0,0,0,0,0,0,0,0,0,0,0,0,0,0,0,0,0,0,0,0,0,0,0,0,0,0,0,0,0,0,0,0,0,0,0,0,0,0,0,0,0,0,0,0,0,0,0,0,0,0,0,4,5,4,1,3,4,1,1,2,1,3,2,4,1,2,2,5,3,0
An economic analysis of blast fishing on Indonesian coral reefs,"Pet-Soede, C; Cesar, HSJ; Pet, JS",,,,ENVIRONMENTAL CONSERVATION,Jun-99,1999,26,2,,,,83,93,,10.1017/S0376892999000132,,,47,2.47,0,0,0,0,0,0,0,0,0,0,0,0,0,0,0,0,0,0,0,0,0,0,0,0,0,0,0,0,0,0,0,0,0,0,0,0,0,0,0,0,0,0,0,0,0,0,0,0,0,0,0,0,0,0,0,0,0,0,0,0,0,0,0,0,0,0,0,0,0,0,0,0,0,0,0,0,0,0,0,0,0,0,0,0,0,0,0,0,0,0,0,0,0,0,0,0,0,0,0,0,0,0,2,2,1,2,2,3,4,6,4,4,4,1,2,5,2,3,0
Policy analysis for tropical marine reserves: challenges and directions,"Rudd, MA; Tupper, MH; Folmer, H; van Kooten, GC",,,,FISH AND FISHERIES,Mar-03,2003,4,1,,,,65,85,,10.1046/j.1467-2979.2003.00110.x,Conference on Putting Fishers Knowledge to Work,"AUG 27-30, 2001",44,2.93,0,0,0,0,0,0,0,0,0,0,0,0,0,0,0,0,0,0,0,0,0,0,0,0,0,0,0,0,0,0,0,0,0,0,0,0,0,0,0,0,0,0,0,0,0,0,0,0,0,0,0,0,0,0,0,0,0,0,0,0,0,0,0,0,0,0,0,0,0,0,0,0,0,0,0,0,0,0,0,0,0,0,0,0,0,0,0,0,0,0,0,0,0,0,0,0,0,0,0,0,0,0,0,0,2,4,5,3,2,4,3,4,1,3,4,6,1,2,0
Decision analysis for designing marine protected areas for multiple species with uncertain fishery status,"White, J. Wilson; Botsford, Louis W.; Moffitt, Elizabeth A.; Fischer, Douglas T.",,,,ECOLOGICAL APPLICATIONS,Sep-10,2010,20,6,,,,1523,1541,,10.1890/09-0962.1,,,40,5,0,0,0,0,0,0,0,0,0,0,0,0,0,0,0,0,0,0,0,0,0,0,0,0,0,0,0,0,0,0,0,0,0,0,0,0,0,0,0,0,0,0,0,0,0,0,0,0,0,0,0,0,0,0,0,0,0,0,0,0,0,0,0,0,0,0,0,0,0,0,0,0,0,0,0,0,0,0,0,0,0,0,0,0,0,0,0,0,0,0,0,0,0,0,0,0,0,0,0,0,0,0,0,0,0,0,0,0,0,0,2,5,4,5,5,9,6,4,0
Economic valuation of a mangrove ecosystem threatened by shrimp aquaculture in Sri Lanka,"Gunawardena, M; Rowan, JS",,,,ENVIRONMENTAL MANAGEMENT,Oct-05,2005,36,4,,,,535,550,,10.1007/s00267-003-0286-9,,,39,3,0,0,0,0,0,0,0,0,0,0,0,0,0,0,0,0,0,0,0,0,0,0,0,0,0,0,0,0,0,0,0,0,0,0,0,0,0,0,0,0,0,0,0,0,0,0,0,0,0,0,0,0,0,0,0,0,0,0,0,0,0,0,0,0,0,0,0,0,0,0,0,0,0,0,0,0,0,0,0,0,0,0,0,0,0,0,0,0,0,0,0,0,0,0,0,0,0,0,0,0,0,0,0,0,0,0,0,1,2,2,2,5,6,1,7,7,4,2,0
Valuing ecosystem services as productive inputs,"Barbier, Edward B.",,,,ECONOMIC POLICY,Jan-07,2007,,49,,,,178,229,,,,,37,3.36,0,0,0,0,0,0,0,0,0,0,0,0,0,0,0,0,0,0,0,0,0,0,0,0,0,0,0,0,0,0,0,0,0,0,0,0,0,0,0,0,0,0,0,0,0,0,0,0,0,0,0,0,0,0,0,0,0,0,0,0,0,0,0,0,0,0,0,0,0,0,0,0,0,0,0,0,0,0,0,0,0,0,0,0,0,0,0,0,0,0,0,0,0,0,0,0,0,0,0,0,0,0,0,0,0,0,0,1,0,1,4,3,1,4,4,6,7,6,0
Intergenerational cost-benefit analysis and marine ecosystem restoration,"Sumaila, UR",,,,FISH AND FISHERIES,Dec-04,2004,5,4,,,,329,343,,10.1111/j.1467-2679.2004.00166.x,,,36,2.57,0,0,0,0,0,0,0,0,0,0,0,0,0,0,0,0,0,0,0,0,0,0,0,0,0,0,0,0,0,0,0,0,0,0,0,0,0,0,0,0,0,0,0,0,0,0,0,0,0,0,0,0,0,0,0,0,0,0,0,0,0,0,0,0,0,0,0,0,0,0,0,0,0,0,0,0,0,0,0,0,0,0,0,0,0,0,0,0,0,0,0,0,0,0,0,0,0,0,0,0,0,0,0,0,0,2,1,1,3,2,8,1,2,3,3,4,5,1,0
"A strategy for developing scientific sampling tools for fishery-independent surveys of estuarine fish in New South Wales, Australia","Rotherham, D.; Underwood, A. J.; Chapman, M. G.; Gray, C. A.",,,,ICES JOURNAL OF MARINE SCIENCE,Nov-07,2007,64,8,,,,1512,1516,,10.1093/icesjms/fsm096,,,33,3,0,0,0,0,0,0,0,0,0,0,0,0,0,0,0,0,0,0,0,0,0,0,0,0,0,0,0,0,0,0,0,0,0,0,0,0,0,0,0,0,0,0,0,0,0,0,0,0,0,0,0,0,0,0,0,0,0,0,0,0,0,0,0,0,0,0,0,0,0,0,0,0,0,0,0,0,0,0,0,0,0,0,0,0,0,0,0,0,0,0,0,0,0,0,0,0,0,0,0,0,0,0,0,0,0,0,0,0,3,3,5,5,4,0,5,4,2,2,0
Using economic evaluations to make formulary coverage decisions - So much for guidelines,"Anis, AH; Gagnon, Y",,,,PHARMACOECONOMICS,Jul-00,2000,18,1,,,,55,62,,10.2165/00019053-200018010-00006,,,33,1.83,0,0,0,0,0,0,0,0,0,0,0,0,0,0,0,0,0,0,0,0,0,0,0,0,0,0,0,0,0,0,0,0,0,0,0,0,0,0,0,0,0,0,0,0,0,0,0,0,0,0,0,0,0,0,0,0,0,0,0,0,0,0,0,0,0,0,0,0,0,0,0,0,0,0,0,0,0,0,0,0,0,0,0,0,0,0,0,0,0,0,0,0,0,0,0,0,0,0,0,0,1,1,2,5,2,1,4,3,1,1,3,2,5,1,0,0,0,1,0
"A large scale BACI experiment to test the effects of prawn trawling on seabed biota in a closed area of the Great Barrier Reef Marine Park, Australia","Pitcher, C. R.; Burridge, C. Y.; Wassenberg, T. J.; Hill, B. J.; Poiner, I. R.",,,,FISHERIES RESEARCH,AUG 15 2009,2009,99,3,,,,168,183,,10.1016/j.fishres.2009.05.017,,,27,3,0,0,0,0,0,0,0,0,0,0,0,0,0,0,0,0,0,0,0,0,0,0,0,0,0,0,0,0,0,0,0,0,0,0,0,0,0,0,0,0,0,0,0,0,0,0,0,0,0,0,0,0,0,0,0,0,0,0,0,0,0,0,0,0,0,0,0,0,0,0,0,0,0,0,0,0,0,0,0,0,0,0,0,0,0,0,0,0,0,0,0,0,0,0,0,0,0,0,0,0,0,0,0,0,0,0,0,0,0,0,1,3,3,1,6,6,5,2,0
A cost-benefit analysis of improving trawl selectivity in the case of discards: The Nephrops norvegicus fishery in the Bay of Biscay,"Macher, Claire; Guyader, Olivier; Talidec, Catherine; Bertignac, Michel",,,,FISHERIES RESEARCH,Jul-08,2008,92,1,,,,76,89,,10.1016/j.fishres.2007.12.021,,,24,2.4,0,0,0,0,0,0,0,0,0,0,0,0,0,0,0,0,0,0,0,0,0,0,0,0,0,0,0,0,0,0,0,0,0,0,0,0,0,0,0,0,0,0,0,0,0,0,0,0,0,0,0,0,0,0,0,0,0,0,0,0,0,0,0,0,0,0,0,0,0,0,0,0,0,0,0,0,0,0,0,0,0,0,0,0,0,0,0,0,0,0,0,0,0,0,0,0,0,0,0,0,0,0,0,0,0,0,0,0,0,0,3,3,3,3,3,2,3,4,0
Current Status of Cost Utility Analyses in Total Joint Arthroplasty: A Systematic Review,"Nwachukwu, Benedict U.; Bozic, Kevin J.; Schairer, William W.; Bernstein, Jaime L.; Jevsevar, David S.; Marx, Robert G.; Padgett, Douglas E.",,,,CLINICAL ORTHOPAEDICS AND RELATED RESEARCH,May-15,2015,473,5,,,,1815,1827,,10.1007/s11999-014-3964-4,,,23,7.67,0,0,0,0,0,0,0,0,0,0,0,0,0,0,0,0,0,0,0,0,0,0,0,0,0,0,0,0,0,0,0,0,0,0,0,0,0,0,0,0,0,0,0,0,0,0,0,0,0,0,0,0,0,0,0,0,0,0,0,0,0,0,0,0,0,0,0,0,0,0,0,0,0,0,0,0,0,0,0,0,0,0,0,0,0,0,0,0,0,0,0,0,0,0,0,0,0,0,0,0,0,0,0,0,0,0,0,0,0,0,0,0,0,0,0,1,8,14,0
Cost-effective diagnostic cardiovascular imaging: when does it provide good value for the money?,"Otero, Hansel J.; Rybicki, Frank J.; Greenberg, Dan; Mitsouras, Dimitrios; Mendoza, Jorge A.; Neumann, Peter J.",,,,INTERNATIONAL JOURNAL OF CARDIOVASCULAR IMAGING,Aug-10,2010,26,6,,,,605,612,,10.1007/s10554-010-9634-z,,,23,2.88,0,0,0,0,0,0,0,0,0,0,0,0,0,0,0,0,0,0,0,0,0,0,0,0,0,0,0,0,0,0,0,0,0,0,0,0,0,0,0,0,0,0,0,0,0,0,0,0,0,0,0,0,0,0,0,0,0,0,0,0,0,0,0,0,0,0,0,0,0,0,0,0,0,0,0,0,0,0,0,0,0,0,0,0,0,0,0,0,0,0,0,0,0,0,0,0,0,0,0,0,0,0,0,0,0,0,0,0,0,0,0,5,10,5,1,1,1,0,0
"A decision framework for possible remediation of contaminated sediments in the River Kymijoki, Finland","Verta, Matti; Kiviranta, Hannu; Salo, Simo; Malve, Olli; Korhonen, Markku; Verkasalo, Pia K.; Ruokojarvi, Paivi; Rossi, Esko; Hanski, Ari; Paatalo, Kare; Vartiainen, Terttu",,,,ENVIRONMENTAL SCIENCE AND POLLUTION RESEARCH,Jan-09,2009,16,1,,,,95,105,,10.1007/s11356-008-0061-9,,,23,2.56,0,0,0,0,0,0,0,0,0,0,0,0,0,0,0,0,0,0,0,0,0,0,0,0,0,0,0,0,0,0,0,0,0,0,0,0,0,0,0,0,0,0,0,0,0,0,0,0,0,0,0,0,0,0,0,0,0,0,0,0,0,0,0,0,0,0,0,0,0,0,0,0,0,0,0,0,0,0,0,0,0,0,0,0,0,0,0,0,0,0,0,0,0,0,0,0,0,0,0,0,0,0,0,0,0,0,0,0,0,0,4,2,1,2,6,4,2,2,0
Cost-Benefit Analysis and the Water Framework Directive in Scotland,"Hanley, Nick; Black, Andrew R.",,,,INTEGRATED ENVIRONMENTAL ASSESSMENT AND MANAGEMENT,Apr-06,2006,2,2,,,,156,165,,10.1002/ieam.5630020208,,,22,1.83,0,0,0,0,0,0,0,0,0,0,0,0,0,0,0,0,0,0,0,0,0,0,0,0,0,0,0,0,0,0,0,0,0,0,0,0,0,0,0,0,0,0,0,0,0,0,0,0,0,0,0,0,0,0,0,0,0,0,0,0,0,0,0,0,0,0,0,0,0,0,0,0,0,0,0,0,0,0,0,0,0,0,0,0,0,0,0,0,0,0,0,0,0,0,0,0,0,0,0,0,0,0,0,0,0,0,2,0,1,1,1,4,1,4,2,2,3,1,0
"Prospective exploratory analysis of the association between tumor response, quality of life, and expenditures among patients receiving paclitaxel monotherapy for refractory metastatic breast cancer","Modi, S; Panageas, KS; Duck, ET; Bach, A; Weinstock, N; Dougherty, J; Cramer, L; Hudis, C; Norton, L; Seidman, A",,,,JOURNAL OF CLINICAL ONCOLOGY,SEP 1 2002,2002,20,17,,,,3665,3673,,10.1200/JCO.2002.08.057,,,20,1.25,0,0,0,0,0,0,0,0,0,0,0,0,0,0,0,0,0,0,0,0,0,0,0,0,0,0,0,0,0,0,0,0,0,0,0,0,0,0,0,0,0,0,0,0,0,0,0,0,0,0,0,0,0,0,0,0,0,0,0,0,0,0,0,0,0,0,0,0,0,0,0,0,0,0,0,0,0,0,0,0,0,0,0,0,0,0,0,0,0,0,0,0,0,0,0,0,0,0,0,0,0,0,0,1,0,2,1,0,4,3,1,2,2,3,0,1,0,0,0
Valuing freshwater salmon habitat on the west coast of Canada,"Knowler, DJ; MacGregor, BW; Bradford, MJ; Peterman, RM",,,,JOURNAL OF ENVIRONMENTAL MANAGEMENT,Nov-03,2003,69,3,,,,261,273,,10.1016/j.jenvman.2003.09.001,,,17,1.13,0,0,0,0,0,0,0,0,0,0,0,0,0,0,0,0,0,0,0,0,0,0,0,0,0,0,0,0,0,0,0,0,0,0,0,0,0,0,0,0,0,0,0,0,0,0,0,0,0,0,0,0,0,0,0,0,0,0,0,0,0,0,0,0,0,0,0,0,0,0,0,0,0,0,0,0,0,0,0,0,0,0,0,0,0,0,0,0,0,0,0,0,0,0,0,0,0,0,0,0,0,0,0,0,1,1,2,1,2,0,1,0,1,0,1,3,2,2,0
Economic valuation of inland recreational fisheries: empirical studies and their policy use in Norway,"Navrud, S",,,,FISHERIES MANAGEMENT AND ECOLOGY,AUG-OCT 2001,2001,8,4-May,,,,369,382,,10.1046/j.1365-2400.2001.00267.x,Meeting of the Fisheries and Society,"JUN 01-03, 2000",17,1,0,0,0,0,0,0,0,0,0,0,0,0,0,0,0,0,0,0,0,0,0,0,0,0,0,0,0,0,0,0,0,0,0,0,0,0,0,0,0,0,0,0,0,0,0,0,0,0,0,0,0,0,0,0,0,0,0,0,0,0,0,0,0,0,0,0,0,0,0,0,0,0,0,0,0,0,0,0,0,0,0,0,0,0,0,0,0,0,0,0,0,0,0,0,0,0,0,0,0,0,0,0,1,1,2,1,0,0,0,2,2,1,0,3,0,1,3,0,0
Ex ante evaluation of the costs and benefits of individual transferable quotas: A case-study of seven Australian commonwealth fisheries,"Grafton, R. Q.; McIlgorm, A.",,,,MARINE POLICY,Jul-09,2009,33,4,,,,714,719,,10.1016/j.marpol.2009.02.001,,,16,1.78,0,0,0,0,0,0,0,0,0,0,0,0,0,0,0,0,0,0,0,0,0,0,0,0,0,0,0,0,0,0,0,0,0,0,0,0,0,0,0,0,0,0,0,0,0,0,0,0,0,0,0,0,0,0,0,0,0,0,0,0,0,0,0,0,0,0,0,0,0,0,0,0,0,0,0,0,0,0,0,0,0,0,0,0,0,0,0,0,0,0,0,0,0,0,0,0,0,0,0,0,0,0,0,0,0,0,0,0,0,1,2,1,2,2,0,3,2,3,0
Flood risk reduction by the use of retention areas at the Elbe River,"Foerster, Saskia; Kneis, David; Gocht, Martin; Bronstert, Axel",,,,INTERNATIONAL JOURNAL OF RIVER BASIN MANAGEMENT,2005,2005,3,1,,,,21,29,,10.1080/15715124.2005.9635242,,,16,1.23,0,0,0,0,0,0,0,0,0,0,0,0,0,0,0,0,0,0,0,0,0,0,0,0,0,0,0,0,0,0,0,0,0,0,0,0,0,0,0,0,0,0,0,0,0,0,0,0,0,0,0,0,0,0,0,0,0,0,0,0,0,0,0,0,0,0,0,0,0,0,0,0,0,0,0,0,0,0,0,0,0,0,0,0,0,0,0,0,0,0,0,0,0,0,0,0,0,0,0,0,0,0,0,0,0,0,0,0,2,3,1,1,1,2,1,3,1,1,0
"Survival of stocked barramundi, Lates calcarifer (Bloch), in a coastal river system in far northern Queensland, Australia","Rimmer, MA; Russell, DJ",,,,BULLETIN OF MARINE SCIENCE,Mar-98,1998,62,2,,,,325,335,,,International Symposium in Fisheries Ecology,"NOV 20-23, 1996",16,0.8,0,0,0,0,0,0,0,0,0,0,0,0,0,0,0,0,0,0,0,0,0,0,0,0,0,0,0,0,0,0,0,0,0,0,0,0,0,0,0,0,0,0,0,0,0,0,0,0,0,0,0,0,0,0,0,0,0,0,0,0,0,0,0,0,0,0,0,0,0,0,0,0,0,0,0,0,0,0,0,0,0,0,0,0,0,0,0,0,0,0,0,0,0,0,0,0,0,0,0,0,0,0,0,1,1,3,1,0,1,0,0,0,1,3,3,1,1,0,0
Exploration of fishery resources through integration of ocean colour with sea surface temperature: Indian experience,"Dwivedi, RM; Solanki, HU; Nayak, SR; Gulati, D; Somvanshi, VS",,,,INDIAN JOURNAL OF MARINE SCIENCES,Dec-05,2005,34,4,,,,430,440,,,,,15,1.15,0,0,0,0,0,0,0,0,0,0,0,0,0,0,0,0,0,0,0,0,0,0,0,0,0,0,0,0,0,0,0,0,0,0,0,0,0,0,0,0,0,0,0,0,0,0,0,0,0,0,0,0,0,0,0,0,0,0,0,0,0,0,0,0,0,0,0,0,0,0,0,0,0,0,0,0,0,0,0,0,0,0,0,0,0,0,0,0,0,0,0,0,0,0,0,0,0,0,0,0,0,0,0,0,0,0,0,0,1,2,1,1,1,2,5,0,2,0,0
Utilization of IRS P4 ocean colour data for potential fishing zone - A cost benefit analysis,"Nayak, S; Solanki, HU; Dwivedi, RM",,,,INDIAN JOURNAL OF MARINE SCIENCES,Sep-03,2003,32,3,,,,244,248,,,,,15,1,0,0,0,0,0,0,0,0,0,0,0,0,0,0,0,0,0,0,0,0,0,0,0,0,0,0,0,0,0,0,0,0,0,0,0,0,0,0,0,0,0,0,0,0,0,0,0,0,0,0,0,0,0,0,0,0,0,0,0,0,0,0,0,0,0,0,0,0,0,0,0,0,0,0,0,0,0,0,0,0,0,0,0,0,0,0,0,0,0,0,0,0,0,0,0,0,0,0,0,0,0,0,0,0,0,1,0,0,1,2,1,2,0,1,4,1,2,0,0
Approaches to reseeding penaeid prawns,"Rothlisberg, PC; Preston, NP; Loneragan, NR; Die, DJ; Poiner, IR",,,"Howell, BR; Moksness, E; Svasand, T",STOCK ENHANCEMENT AND SEA RANCHING,1999,1999,,,,,,365,378,,,1st International Symposium on Stock Enhancement and Sea Ranching,"SEP 08-11, 1997",15,0.79,0,0,0,0,0,0,0,0,0,0,0,0,0,0,0,0,0,0,0,0,0,0,0,0,0,0,0,0,0,0,0,0,0,0,0,0,0,0,0,0,0,0,0,0,0,0,0,0,0,0,0,0,0,0,0,0,0,0,0,0,0,0,0,0,0,0,0,0,0,0,0,0,0,0,0,0,0,0,0,0,0,0,0,0,0,0,0,0,0,0,0,0,0,0,0,0,0,0,0,0,0,1,0,2,1,3,3,0,0,1,1,1,0,1,0,1,0,0,0
Increased Disease Calls for a Cost-Benefits Review of Marine Reserves,"Wootton, Emma C.; Woolmer, Andrew P.; Vogan, Claire L.; Pope, Edward C.; Hamilton, Kristina M.; Rowley, Andrew F.",,,,PLOS ONE,DEC 11 2012,2012,7,12,,,,,,e51615,10.1371/journal.pone.0051615,,,13,2.17,0,0,0,0,0,0,0,0,0,0,0,0,0,0,0,0,0,0,0,0,0,0,0,0,0,0,0,0,0,0,0,0,0,0,0,0,0,0,0,0,0,0,0,0,0,0,0,0,0,0,0,0,0,0,0,0,0,0,0,0,0,0,0,0,0,0,0,0,0,0,0,0,0,0,0,0,0,0,0,0,0,0,0,0,0,0,0,0,0,0,0,0,0,0,0,0,0,0,0,0,0,0,0,0,0,0,0,0,0,0,0,0,0,0,5,5,1,2,0
Measuring management success: Experience with United States fisheries,"Ward, John M.; Kelly, Michael",,,,MARINE POLICY,Jan-09,2009,33,1,,,,164,171,,10.1016/j.marpol.2008.05.008,,,13,1.44,0,0,0,0,0,0,0,0,0,0,0,0,0,0,0,0,0,0,0,0,0,0,0,0,0,0,0,0,0,0,0,0,0,0,0,0,0,0,0,0,0,0,0,0,0,0,0,0,0,0,0,0,0,0,0,0,0,0,0,0,0,0,0,0,0,0,0,0,0,0,0,0,0,0,0,0,0,0,0,0,0,0,0,0,0,0,0,0,0,0,0,0,0,0,0,0,0,0,0,0,0,0,0,0,0,0,0,0,0,2,0,3,2,1,1,0,1,3,0
"Policies and resident's willingness to pay for restoring the ecosystem damaged by alien fish in Lake Biwa, Japan","Nishizawa, Eiichiro; Kurokawa, Tetsuji; Yabe, Mitsuyasu",,,,ENVIRONMENTAL SCIENCE & POLICY,Aug-06,2006,9,5,,,,448,456,,10.1016/j.envsci.2006.03.006,,,13,1.08,0,0,0,0,0,0,0,0,0,0,0,0,0,0,0,0,0,0,0,0,0,0,0,0,0,0,0,0,0,0,0,0,0,0,0,0,0,0,0,0,0,0,0,0,0,0,0,0,0,0,0,0,0,0,0,0,0,0,0,0,0,0,0,0,0,0,0,0,0,0,0,0,0,0,0,0,0,0,0,0,0,0,0,0,0,0,0,0,0,0,0,0,0,0,0,0,0,0,0,0,0,0,0,0,0,0,0,0,1,2,1,2,1,1,2,1,2,0,0
Cost-benefit analysis of cleaning the Ganges: some emerging environment and development issues,"Markandya, A; Murty, MN",,,,ENVIRONMENT AND DEVELOPMENT ECONOMICS,Feb-04,2004,9,,1,,,61,81,,10.1017/S135570X03001013,,,13,0.93,0,0,0,0,0,0,0,0,0,0,0,0,0,0,0,0,0,0,0,0,0,0,0,0,0,0,0,0,0,0,0,0,0,0,0,0,0,0,0,0,0,0,0,0,0,0,0,0,0,0,0,0,0,0,0,0,0,0,0,0,0,0,0,0,0,0,0,0,0,0,0,0,0,0,0,0,0,0,0,0,0,0,0,0,0,0,0,0,0,0,0,0,0,0,0,0,0,0,0,0,0,0,0,0,0,0,0,2,0,0,1,1,1,2,0,2,3,1,0
Limiting environmental program contradictions: A demand systems application to fishery management,"Ward, FA; Cole, RA; Deitner, RA; Green-Hammond, KA",,,,AMERICAN JOURNAL OF AGRICULTURAL ECONOMICS,Aug-97,1997,79,3,,,,803,813,,10.2307/1244422,,,13,0.62,0,0,0,0,0,0,0,0,0,0,0,0,0,0,0,0,0,0,0,0,0,0,0,0,0,0,0,0,0,0,0,0,0,0,0,0,0,0,0,0,0,0,0,0,0,0,0,0,0,0,0,0,0,0,0,0,0,0,0,0,0,0,0,0,0,0,0,0,0,0,0,0,0,0,0,0,0,0,0,0,0,0,0,0,0,0,0,0,0,0,0,0,0,0,0,0,0,0,0,2,3,0,1,1,0,1,1,0,1,2,0,0,1,0,0,0,0,0,0
Communities and change in the anthropocene: understanding social-ecological vulnerability and planning adaptations to multiple interacting exposures,"Bennett, Nathan James; Blythe, Jessica; Tyler, Stephen; Ban, Natalie C.",,,,REGIONAL ENVIRONMENTAL CHANGE,Apr-16,2016,16,4,,,,907,926,,10.1007/s10113-015-0839-5,,,12,6,0,0,0,0,0,0,0,0,0,0,0,0,0,0,0,0,0,0,0,0,0,0,0,0,0,0,0,0,0,0,0,0,0,0,0,0,0,0,0,0,0,0,0,0,0,0,0,0,0,0,0,0,0,0,0,0,0,0,0,0,0,0,0,0,0,0,0,0,0,0,0,0,0,0,0,0,0,0,0,0,0,0,0,0,0,0,0,0,0,0,0,0,0,0,0,0,0,0,0,0,0,0,0,0,0,0,0,0,0,0,0,0,0,0,0,0,3,9,0
Costs associated with hospital-acquired bacteraemia in an Indian hospital: a case-control study,"Kothari, A.; Sagar, V.; Ahluwalia, V.; Pillai, B. S.; Madan, M.",,,,JOURNAL OF HOSPITAL INFECTION,Feb-09,2009,71,2,,,,143,148,,10.1016/j.jhin.2008.10.022,,,12,1.33,0,0,0,0,0,0,0,0,0,0,0,0,0,0,0,0,0,0,0,0,0,0,0,0,0,0,0,0,0,0,0,0,0,0,0,0,0,0,0,0,0,0,0,0,0,0,0,0,0,0,0,0,0,0,0,0,0,0,0,0,0,0,0,0,0,0,0,0,0,0,0,0,0,0,0,0,0,0,0,0,0,0,0,0,0,0,0,0,0,0,0,0,0,0,0,0,0,0,0,0,0,0,0,0,0,0,0,0,0,0,0,3,4,2,0,1,2,0,0
Status of Urban and Community Fishing Programs Nationwide,"Hunt, Kevin M.; Schramm, Harold L., Jr.; Lang, Thomas J.; Neal, J. Wesley; Hutt, Clifford P.",,,"Eades, RT; Neal, JW; Lang, TJ; Hunt, KM; Pajak, P","URBAN AND COMMUNITY FISHERIES PROGRAMMS: DEVELOPMENT, MANAGEMENT, AND EVALUATION",2008,2008,67,,,,,177,+,,,137th Annual Meeting of the American-Fisheries-Society,"SEP 02-06, 2007",11,1.1,0,0,0,0,0,0,0,0,0,0,0,0,0,0,0,0,0,0,0,0,0,0,0,0,0,0,0,0,0,0,0,0,0,0,0,0,0,0,0,0,0,0,0,0,0,0,0,0,0,0,0,0,0,0,0,0,0,0,0,0,0,0,0,0,0,0,0,0,0,0,0,0,0,0,0,0,0,0,0,0,0,0,0,0,0,0,0,0,0,0,0,0,0,0,0,0,0,0,0,0,0,0,0,0,0,0,0,0,8,0,1,0,1,0,0,0,1,0,0
Dungeness Crab Mortality Due to Lost Traps and a Cost-Benefit Analysis of Trap Removal in Washington State Waters of the Salish Sea,"Antonelis, Kyle; Huppert, Daniel; Velasquez, Don; June, Jeffrey",,,,NORTH AMERICAN JOURNAL OF FISHERIES MANAGEMENT,2011,2011,31,5,,,,880,893,,10.1080/02755947.2011.590113,,,10,1.43,0,0,0,0,0,0,0,0,0,0,0,0,0,0,0,0,0,0,0,0,0,0,0,0,0,0,0,0,0,0,0,0,0,0,0,0,0,0,0,0,0,0,0,0,0,0,0,0,0,0,0,0,0,0,0,0,0,0,0,0,0,0,0,0,0,0,0,0,0,0,0,0,0,0,0,0,0,0,0,0,0,0,0,0,0,0,0,0,0,0,0,0,0,0,0,0,0,0,0,0,0,0,0,0,0,0,0,0,0,0,0,0,1,2,2,1,3,1,0
Complementary Sampling Methods to Inform Ecosystem-Based Management of Nearshore Fisheries,"Starr, Richard M.; Carr, Mark; Malone, Dan; Greenley, Ashley; McMillan, Selena",,,,MARINE AND COASTAL FISHERIES,2010,2010,2,1,,,,159,179,,10.1577/C08-056.1,,,10,1.25,0,0,0,0,0,0,0,0,0,0,0,0,0,0,0,0,0,0,0,0,0,0,0,0,0,0,0,0,0,0,0,0,0,0,0,0,0,0,0,0,0,0,0,0,0,0,0,0,0,0,0,0,0,0,0,0,0,0,0,0,0,0,0,0,0,0,0,0,0,0,0,0,0,0,0,0,0,0,0,0,0,0,0,0,0,0,0,0,0,0,0,0,0,0,0,0,0,0,0,0,0,0,0,0,0,0,0,0,0,0,1,0,1,1,0,2,4,1,0
Net loss: A cost-benefit analysis of the Canadian Pacific salmon fishery,"Schwindt, R; Vining, A; Globerman, S",,,,JOURNAL OF POLICY ANALYSIS AND MANAGEMENT,WIN 2000,2000,19,1,,,,23,45,,10.1002/(SICI)1520-6688(200024)19:1<23::AID-PAM3>3.0.CO;2-C,,,10,0.56,0,0,0,0,0,0,0,0,0,0,0,0,0,0,0,0,0,0,0,0,0,0,0,0,0,0,0,0,0,0,0,0,0,0,0,0,0,0,0,0,0,0,0,0,0,0,0,0,0,0,0,0,0,0,0,0,0,0,0,0,0,0,0,0,0,0,0,0,0,0,0,0,0,0,0,0,0,0,0,0,0,0,0,0,0,0,0,0,0,0,0,0,0,0,0,0,0,0,0,0,0,0,0,1,1,1,0,0,1,0,1,2,0,0,0,0,2,1,0
Illuminating the need for ecological knowledge in economic valuation of mangroves under different management regimes - a critique,"Ronnback, P; Primavera, JH",,,,ECOLOGICAL ECONOMICS,Nov-00,2000,35,2,,,,135,141,,10.1016/S0921-8009(00)00208-1,,,10,0.56,0,0,0,0,0,0,0,0,0,0,0,0,0,0,0,0,0,0,0,0,0,0,0,0,0,0,0,0,0,0,0,0,0,0,0,0,0,0,0,0,0,0,0,0,0,0,0,0,0,0,0,0,0,0,0,0,0,0,0,0,0,0,0,0,0,0,0,0,0,0,0,0,0,0,0,0,0,0,0,0,0,0,0,0,0,0,0,0,0,0,0,0,0,0,0,0,0,0,0,0,0,1,1,0,1,1,1,0,2,0,0,1,0,0,0,0,1,1,0
A thematic cost-benefit analysis of a marine protected area,"Rees, Sian E.; Attrill, Martin J.; Austen, Melanie C.; Mangi, Stephen C.; Rodwell, Lynda D.",,,,JOURNAL OF ENVIRONMENTAL MANAGEMENT,JAN 15 2013,2013,114,,,,,476,485,,10.1016/j.jenvman.2012.10.048,,,9,1.8,0,0,0,0,0,0,0,0,0,0,0,0,0,0,0,0,0,0,0,0,0,0,0,0,0,0,0,0,0,0,0,0,0,0,0,0,0,0,0,0,0,0,0,0,0,0,0,0,0,0,0,0,0,0,0,0,0,0,0,0,0,0,0,0,0,0,0,0,0,0,0,0,0,0,0,0,0,0,0,0,0,0,0,0,0,0,0,0,0,0,0,0,0,0,0,0,0,0,0,0,0,0,0,0,0,0,0,0,0,0,0,0,0,1,1,3,3,1,0
Shellfish aquaculture and First Nations' sovereignty: The quest for sustainable development in contested sea space,"Joyce, Alyssa L.; Satterfield, Terre A.",,,,NATURAL RESOURCES FORUM,May-10,2010,34,2,,,,106,123,,,,,9,1.12,0,0,0,0,0,0,0,0,0,0,0,0,0,0,0,0,0,0,0,0,0,0,0,0,0,0,0,0,0,0,0,0,0,0,0,0,0,0,0,0,0,0,0,0,0,0,0,0,0,0,0,0,0,0,0,0,0,0,0,0,0,0,0,0,0,0,0,0,0,0,0,0,0,0,0,0,0,0,0,0,0,0,0,0,0,0,0,0,0,0,0,0,0,0,0,0,0,0,0,0,0,0,0,0,0,0,0,0,0,0,0,0,0,2,1,3,1,2,0
Fishery externalities and biodiversity: Trade-offs between the viability of shrimp trawling and the conservation of Frigatebirds in French Guiana,"Martinet, Vincent; Blanchard, Fabian",,,,ECOLOGICAL ECONOMICS,OCT 15 2009,2009,68,12,,,,2960,2968,,10.1016/j.ecolecon.2009.06.012,,,9,1,0,0,0,0,0,0,0,0,0,0,0,0,0,0,0,0,0,0,0,0,0,0,0,0,0,0,0,0,0,0,0,0,0,0,0,0,0,0,0,0,0,0,0,0,0,0,0,0,0,0,0,0,0,0,0,0,0,0,0,0,0,0,0,0,0,0,0,0,0,0,0,0,0,0,0,0,0,0,0,0,0,0,0,0,0,0,0,0,0,0,0,0,0,0,0,0,0,0,0,0,0,0,0,0,0,0,0,0,0,0,0,0,0,1,3,0,2,3,0
Economics and livelihoods of small-scale inland fisheries in the Lower Mekong Basin: a survey of three communities in Cambodia,"Navy, Hap; Bhattarai, Madhusudan",,,,WATER POLICY,2009,2009,11,,,,,31,51,,10.2166/wp.2009.002,,,9,1,0,0,0,0,0,0,0,0,0,0,0,0,0,0,0,0,0,0,0,0,0,0,0,0,0,0,0,0,0,0,0,0,0,0,0,0,0,0,0,0,0,0,0,0,0,0,0,0,0,0,0,0,0,0,0,0,0,0,0,0,0,0,0,0,0,0,0,0,0,0,0,0,0,0,0,0,0,0,0,0,0,0,0,0,0,0,0,0,0,0,0,0,0,0,0,0,0,0,0,0,0,0,0,0,0,0,0,0,0,1,2,1,0,1,0,3,1,0,0
"An economic analysis of vegetative buffer strip implementation - Case study: Elkhorn Slough, Monterey Bay, California","Rein, FA",,,,COASTAL MANAGEMENT,OCT-DEC 1999,1999,27,4,,,,377,390,,10.1080/089207599263785,,,9,0.47,0,0,0,0,0,0,0,0,0,0,0,0,0,0,0,0,0,0,0,0,0,0,0,0,0,0,0,0,0,0,0,0,0,0,0,0,0,0,0,0,0,0,0,0,0,0,0,0,0,0,0,0,0,0,0,0,0,0,0,0,0,0,0,0,0,0,0,0,0,0,0,0,0,0,0,0,0,0,0,0,0,0,0,0,0,0,0,0,0,0,0,0,0,0,0,0,0,0,0,0,1,0,0,0,1,1,0,1,0,2,0,0,0,0,1,0,2,0,0
"Laparoscopic cholecystectomy under spinal anaesthesia: A prospective, randomised study","Tiwari, Sangeeta; Chauhan, Ashutosh; Chaterjee, Pallab; Alam, Mohammed T.",,,,JOURNAL OF MINIMAL ACCESS SURGERY,APR-JUN 2013,2013,9,2,,,,65,71,,10.4103/0972-9941.110965,,,8,1.6,0,0,0,0,0,0,0,0,0,0,0,0,0,0,0,0,0,0,0,0,0,0,0,0,0,0,0,0,0,0,0,0,0,0,0,0,0,0,0,0,0,0,0,0,0,0,0,0,0,0,0,0,0,0,0,0,0,0,0,0,0,0,0,0,0,0,0,0,0,0,0,0,0,0,0,0,0,0,0,0,0,0,0,0,0,0,0,0,0,0,0,0,0,0,0,0,0,0,0,0,0,0,0,0,0,0,0,0,0,0,0,0,0,0,0,2,2,4,0
"Small versus large-scale, multi-fleet fisheries: The case for economic, social and environmental access criteria in European fisheries","Crilly, R.; Esteban, A.",,,,MARINE POLICY,Jan-13,2013,37,,,,,20,27,,10.1016/j.marpol.2012.04.018,,,8,1.6,0,0,0,0,0,0,0,0,0,0,0,0,0,0,0,0,0,0,0,0,0,0,0,0,0,0,0,0,0,0,0,0,0,0,0,0,0,0,0,0,0,0,0,0,0,0,0,0,0,0,0,0,0,0,0,0,0,0,0,0,0,0,0,0,0,0,0,0,0,0,0,0,0,0,0,0,0,0,0,0,0,0,0,0,0,0,0,0,0,0,0,0,0,0,0,0,0,0,0,0,0,0,0,0,0,0,0,0,0,0,0,0,0,2,0,4,2,0,0
"On the uncertain costs and tenuous benefits of Marine reserves: a case study of the Tortugas Ecological Reserve, South Florida, USA","Cook, GS; Heinen, JT",,,,NATURAL AREAS JOURNAL,Oct-05,2005,25,4,,,,390,396,,,,,8,0.62,0,0,0,0,0,0,0,0,0,0,0,0,0,0,0,0,0,0,0,0,0,0,0,0,0,0,0,0,0,0,0,0,0,0,0,0,0,0,0,0,0,0,0,0,0,0,0,0,0,0,0,0,0,0,0,0,0,0,0,0,0,0,0,0,0,0,0,0,0,0,0,0,0,0,0,0,0,0,0,0,0,0,0,0,0,0,0,0,0,0,0,0,0,0,0,0,0,0,0,0,0,0,0,0,0,0,0,0,0,1,1,0,1,1,2,0,1,1,0
DIRECT ALLOCATION OF RESOURCES AND COST-BENEFIT-ANALYSIS IN FISHERIES - AN APPLICATION TO PACIFIC WHITING,"FREESE, S; GLOCK, J; SQUIRES, D",,,,MARINE POLICY,May-95,1995,19,3,,,,199,211,,10.1016/0308-597X(94)00005-D,,,8,0.35,0,0,0,0,0,0,0,0,0,0,0,0,0,0,0,0,0,0,0,0,0,0,0,0,0,0,0,0,0,0,0,0,0,0,0,0,0,0,0,0,0,0,0,0,0,0,0,0,0,0,0,0,0,0,0,0,0,0,0,0,0,0,0,0,0,0,0,0,0,0,0,0,0,0,0,0,0,0,0,0,0,0,0,0,0,0,0,0,0,0,0,0,0,0,0,0,0,0,1,1,0,1,0,0,2,0,0,0,1,1,0,0,0,1,0,0,0,0,0
Using scenarios to project the changing profitability of fisheries under climate change,"Jones, Miranda C.; Dye, Stephen R.; Pinnegar, John K.; Warren, Rachel; Cheung, William W. L.",,,,FISH AND FISHERIES,Dec-15,2015,16,4,,,,603,622,,10.1111/faf.12081,,,7,2.33,0,0,0,0,0,0,0,0,0,0,0,0,0,0,0,0,0,0,0,0,0,0,0,0,0,0,0,0,0,0,0,0,0,0,0,0,0,0,0,0,0,0,0,0,0,0,0,0,0,0,0,0,0,0,0,0,0,0,0,0,0,0,0,0,0,0,0,0,0,0,0,0,0,0,0,0,0,0,0,0,0,0,0,0,0,0,0,0,0,0,0,0,0,0,0,0,0,0,0,0,0,0,0,0,0,0,0,0,0,0,0,0,0,0,0,0,4,3,0
A cost-benefit analysis of introducing a non-native species: The case of signal crayfish in Sweden,"Kataria, Mitesh",,,,MARINE RESOURCE ECONOMICS,2007,2007,22,1,,,,15,28,,,,,7,0.64,0,0,0,0,0,0,0,0,0,0,0,0,0,0,0,0,0,0,0,0,0,0,0,0,0,0,0,0,0,0,0,0,0,0,0,0,0,0,0,0,0,0,0,0,0,0,0,0,0,0,0,0,0,0,0,0,0,0,0,0,0,0,0,0,0,0,0,0,0,0,0,0,0,0,0,0,0,0,0,0,0,0,0,0,0,0,0,0,0,0,0,0,0,0,0,0,0,0,0,0,0,0,0,0,0,0,0,0,1,2,0,0,1,0,2,0,0,1,0
Toward adaptive management: The impacts of different management strategies on fish stocks and fisheries in a large regulated lake,"Marttunen, M; Vehanen, T",,,,ENVIRONMENTAL MANAGEMENT,Jun-04,2004,33,6,,,,840,854,,10.1007/s00267-003-3021-7,,,7,0.5,0,0,0,0,0,0,0,0,0,0,0,0,0,0,0,0,0,0,0,0,0,0,0,0,0,0,0,0,0,0,0,0,0,0,0,0,0,0,0,0,0,0,0,0,0,0,0,0,0,0,0,0,0,0,0,0,0,0,0,0,0,0,0,0,0,0,0,0,0,0,0,0,0,0,0,0,0,0,0,0,0,0,0,0,0,0,0,0,0,0,0,0,0,0,0,0,0,0,0,0,0,0,0,0,0,0,1,0,1,0,0,2,0,2,0,0,0,1,0
What is an endangered species worth? Threshold costs for protecting imperilled fishes in Canada,"Schultz, Jessica A.; Darling, Emily S.; Cote, Isabelle M.",,,,MARINE POLICY,Nov-13,2013,42,,,,,125,132,,10.1016/j.marpol.2013.01.021,,,6,1.2,0,0,0,0,0,0,0,0,0,0,0,0,0,0,0,0,0,0,0,0,0,0,0,0,0,0,0,0,0,0,0,0,0,0,0,0,0,0,0,0,0,0,0,0,0,0,0,0,0,0,0,0,0,0,0,0,0,0,0,0,0,0,0,0,0,0,0,0,0,0,0,0,0,0,0,0,0,0,0,0,0,0,0,0,0,0,0,0,0,0,0,0,0,0,0,0,0,0,0,0,0,0,0,0,0,0,0,0,0,0,0,0,0,1,1,1,3,0,0
Benefits and opportunity costs of Australia's Coral Sea marine protected area: A precautionary tale,"Hunt, Colin",,,,MARINE POLICY,May-13,2013,39,,,,,352,360,,10.1016/j.marpol.2012.12.012,,,6,1.2,0,0,0,0,0,0,0,0,0,0,0,0,0,0,0,0,0,0,0,0,0,0,0,0,0,0,0,0,0,0,0,0,0,0,0,0,0,0,0,0,0,0,0,0,0,0,0,0,0,0,0,0,0,0,0,0,0,0,0,0,0,0,0,0,0,0,0,0,0,0,0,0,0,0,0,0,0,0,0,0,0,0,0,0,0,0,0,0,0,0,0,0,0,0,0,0,0,0,0,0,0,0,0,0,0,0,0,0,0,0,0,0,0,0,1,3,2,0,0
The cost-benefit ledger of quota leasing,"Davidson, Arthur",,,,MARINE POLICY,Sep-10,2010,34,5,,,,1115,1116,,10.1016/j.marpol.2010.01.013,,,6,0.75,0,0,0,0,0,0,0,0,0,0,0,0,0,0,0,0,0,0,0,0,0,0,0,0,0,0,0,0,0,0,0,0,0,0,0,0,0,0,0,0,0,0,0,0,0,0,0,0,0,0,0,0,0,0,0,0,0,0,0,0,0,0,0,0,0,0,0,0,0,0,0,0,0,0,0,0,0,0,0,0,0,0,0,0,0,0,0,0,0,0,0,0,0,0,0,0,0,0,0,0,0,0,0,0,0,0,0,0,0,0,0,1,1,1,1,1,1,0,0
Bio-economic evaluation of implementing trawl fishing gear with different selectivity,"Kronbak, Lone Gronbaek; Nielsen, J. Rasmus; Jorgensen, Ole A.; Vestergaard, Niels",,,,JOURNAL OF ENVIRONMENTAL MANAGEMENT,Aug-09,2009,90,11,,,,3665,3674,,10.1016/j.jenvman.2009.07.008,,,6,0.67,0,0,0,0,0,0,0,0,0,0,0,0,0,0,0,0,0,0,0,0,0,0,0,0,0,0,0,0,0,0,0,0,0,0,0,0,0,0,0,0,0,0,0,0,0,0,0,0,0,0,0,0,0,0,0,0,0,0,0,0,0,0,0,0,0,0,0,0,0,0,0,0,0,0,0,0,0,0,0,0,0,0,0,0,0,0,0,0,0,0,0,0,0,0,0,0,0,0,0,0,0,0,0,0,0,0,0,0,0,1,0,0,1,1,1,1,1,0,0
Back to the future in northern British columbia: Evaluating historic marine ecosystems and optimal restorable Biomass as restoration goals for the future,"Ainsworth, Cameron; Pitcher, Tony",,,"Nielsen, J; Dodson, JJ; Friedland, K; Hamon, TR; Musick, J; Verspoor, E","RECONCILING FISHERIES WITH CONSERVATION, VOLS I AND II",2008,2008,49,,,,,317,329,,,4th World Fisheries Congress,"MAY 02-06, 2004",6,0.6,0,0,0,0,0,0,0,0,0,0,0,0,0,0,0,0,0,0,0,0,0,0,0,0,0,0,0,0,0,0,0,0,0,0,0,0,0,0,0,0,0,0,0,0,0,0,0,0,0,0,0,0,0,0,0,0,0,0,0,0,0,0,0,0,0,0,0,0,0,0,0,0,0,0,0,0,0,0,0,0,0,0,0,0,0,0,0,0,0,0,0,0,0,0,0,0,0,0,0,0,0,0,0,0,0,0,0,0,1,2,2,0,1,0,0,0,0,0,0
Costs and benefits of stock enhancement and biological invasion control: the case of the Bay of Brest scallop fishery,"Fresard, Marjolaine; Boncoeur, Jean",,,,AQUATIC LIVING RESOURCES,JUL-SEP 2006,2006,19,3,,,,299,305,,10.1051/alr:2006031,,,6,0.5,0,0,0,0,0,0,0,0,0,0,0,0,0,0,0,0,0,0,0,0,0,0,0,0,0,0,0,0,0,0,0,0,0,0,0,0,0,0,0,0,0,0,0,0,0,0,0,0,0,0,0,0,0,0,0,0,0,0,0,0,0,0,0,0,0,0,0,0,0,0,0,0,0,0,0,0,0,0,0,0,0,0,0,0,0,0,0,0,0,0,0,0,0,0,0,0,0,0,0,0,0,0,0,0,0,0,0,1,0,0,0,1,0,1,0,1,2,0,0
"Economics and stakeholders of Ream National Park, Cambodia","De Lopez, TT",,,,ECOLOGICAL ECONOMICS,Sep-03,2003,46,2,,,,269,282,,10.1016/S0921-8009(03)00142-3,,,6,0.4,0,0,0,0,0,0,0,0,0,0,0,0,0,0,0,0,0,0,0,0,0,0,0,0,0,0,0,0,0,0,0,0,0,0,0,0,0,0,0,0,0,0,0,0,0,0,0,0,0,0,0,0,0,0,0,0,0,0,0,0,0,0,0,0,0,0,0,0,0,0,0,0,0,0,0,0,0,0,0,0,0,0,0,0,0,0,0,0,0,0,0,0,0,0,0,0,0,0,0,0,0,0,0,0,0,0,0,0,0,0,1,1,0,0,0,4,0,0,0
Preliminary evaluation of the costs and benefits of prawn stocking to enhance recreational fisheries in recruitment limited estuaries,"Taylor, Matthew D.",,,,FISHERIES RESEARCH,Feb-17,2017,186,,2,,SI,478,487,,10.1016/j.fishres.2016.05.030,,,5,5,0,0,0,0,0,0,0,0,0,0,0,0,0,0,0,0,0,0,0,0,0,0,0,0,0,0,0,0,0,0,0,0,0,0,0,0,0,0,0,0,0,0,0,0,0,0,0,0,0,0,0,0,0,0,0,0,0,0,0,0,0,0,0,0,0,0,0,0,0,0,0,0,0,0,0,0,0,0,0,0,0,0,0,0,0,0,0,0,0,0,0,0,0,0,0,0,0,0,0,0,0,0,0,0,0,0,0,0,0,0,0,0,0,0,0,0,0,5,0
Holmium laser enucleation versus laparoscopic simple prostatectomy for large adenomas,"Juaneda, R.; Thanigasalam, R.; Rizk, J.; Perrot, E.; Theveniaud, P. E.; Baumert, H.",,,,ACTAS UROLOGICAS ESPANOLAS,JAN-FEB 2016,2016,40,1,,,,43,48,,10.1016/j.acuro.2015.05.010,,,5,2.5,0,0,0,0,0,0,0,0,0,0,0,0,0,0,0,0,0,0,0,0,0,0,0,0,0,0,0,0,0,0,0,0,0,0,0,0,0,0,0,0,0,0,0,0,0,0,0,0,0,0,0,0,0,0,0,0,0,0,0,0,0,0,0,0,0,0,0,0,0,0,0,0,0,0,0,0,0,0,0,0,0,0,0,0,0,0,0,0,0,0,0,0,0,0,0,0,0,0,0,0,0,0,0,0,0,0,0,0,0,0,0,0,0,0,0,0,2,3,0
Evaluation of New Zealand's High-Seas Bottom Trawl Closures Using Predictive Habitat Models and Quantitative Risk Assessment,"Penney, Andrew J.; Guinotte, John M.",,,,PLOS ONE,DEC 16 2013,2013,8,12,,,,,,e82273,10.1371/journal.pone.0082273,,,5,1,0,0,0,0,0,0,0,0,0,0,0,0,0,0,0,0,0,0,0,0,0,0,0,0,0,0,0,0,0,0,0,0,0,0,0,0,0,0,0,0,0,0,0,0,0,0,0,0,0,0,0,0,0,0,0,0,0,0,0,0,0,0,0,0,0,0,0,0,0,0,0,0,0,0,0,0,0,0,0,0,0,0,0,0,0,0,0,0,0,0,0,0,0,0,0,0,0,0,0,0,0,0,0,0,0,0,0,0,0,0,0,0,0,0,1,1,2,1,0
Minimizing Environmental Impacts of a Major Construction: The Oresund Link,"Gray, John S.",,,,INTEGRATED ENVIRONMENTAL ASSESSMENT AND MANAGEMENT,Apr-06,2006,2,2,,,,196,199,,10.1002/ieam.5630020213,,,5,0.42,0,0,0,0,0,0,0,0,0,0,0,0,0,0,0,0,0,0,0,0,0,0,0,0,0,0,0,0,0,0,0,0,0,0,0,0,0,0,0,0,0,0,0,0,0,0,0,0,0,0,0,0,0,0,0,0,0,0,0,0,0,0,0,0,0,0,0,0,0,0,0,0,0,0,0,0,0,0,0,0,0,0,0,0,0,0,0,0,0,0,0,0,0,0,0,0,0,0,0,0,0,0,0,0,0,0,1,1,0,0,0,0,1,0,0,1,0,1,0
An overview of economic impact and value of recreational fisheries,"Riechers, RK; Fedler, AJ",,,"Miranda, LE; DeVries, DR",MULTIDIMENSIONAL APPROACHES TO RESERVOIR FISHERIES MANAGEMENT,1996,1996,16,,,,,245,250,,,3rd National Reservoir Fisheries Symposium on Multidimensional Approaches to Reservoir Fisheries Management,"JUN 12-14, 1995",5,0.23,0,0,0,0,0,0,0,0,0,0,0,0,0,0,0,0,0,0,0,0,0,0,0,0,0,0,0,0,0,0,0,0,0,0,0,0,0,0,0,0,0,0,0,0,0,0,0,0,0,0,0,0,0,0,0,0,0,0,0,0,0,0,0,0,0,0,0,0,0,0,0,0,0,0,0,0,0,0,0,0,0,0,0,0,0,0,0,0,0,0,0,0,0,0,0,0,0,0,0,0,0,1,1,1,1,0,0,0,0,0,1,0,0,0,0,0,0,0,0
The efficiency of using remote sensing for fisheries enforcement: Application to the Mediterranean bluefin tuna fishery,"Cicuendez Perez, Juan; Alvarez, Marlene Alvarez; Heikkonen, Jukka; Guillen, Jordi; Barbas, Thomas",,,,FISHERIES RESEARCH,Oct-13,2013,147,,,,,24,31,,10.1016/j.fishres.2013.04.008,,,4,0.8,0,0,0,0,0,0,0,0,0,0,0,0,0,0,0,0,0,0,0,0,0,0,0,0,0,0,0,0,0,0,0,0,0,0,0,0,0,0,0,0,0,0,0,0,0,0,0,0,0,0,0,0,0,0,0,0,0,0,0,0,0,0,0,0,0,0,0,0,0,0,0,0,0,0,0,0,0,0,0,0,0,0,0,0,0,0,0,0,0,0,0,0,0,0,0,0,0,0,0,0,0,0,0,0,0,0,0,0,0,0,0,0,0,0,0,1,2,1,0
Climate change and non-stationary population processes in fisheries management,"Szuwalski, Cody S.; Hollowed, Anne B.",,,,ICES JOURNAL OF MARINE SCIENCE,MAY-JUN 2016,2016,73,5,,,,1297,1305,,10.1093/icesjms/fsv229,3rd International Symposium on the Effects of Climate Change on the World's Oceans,"MAR, 2015",3,1.5,0,0,0,0,0,0,0,0,0,0,0,0,0,0,0,0,0,0,0,0,0,0,0,0,0,0,0,0,0,0,0,0,0,0,0,0,0,0,0,0,0,0,0,0,0,0,0,0,0,0,0,0,0,0,0,0,0,0,0,0,0,0,0,0,0,0,0,0,0,0,0,0,0,0,0,0,0,0,0,0,0,0,0,0,0,0,0,0,0,0,0,0,0,0,0,0,0,0,0,0,0,0,0,0,0,0,0,0,0,0,0,0,0,0,0,0,1,2,0
Evaluating the role of coastal habitats and sea-level rise in hurricane risk mitigation: An ecological economic assessment method and application to a business decision,"Reddy, Sheila M. W.; Guannel, Gregory; Griffin, Robert; Faries, Joe; Boucher, Timothy; Thompson, Michael; Brenner, Jorge; Bernhardt, Joey; Verutes, Gregory; Wood, Spencer A.; Silver, Jessica A.; Toft, Jodie; Rogers, Anthony; Maas, Alexander; Guerry, Anne; Molnar, Jennifer; DiMuro, Johnathan L.",,,,INTEGRATED ENVIRONMENTAL ASSESSMENT AND MANAGEMENT,Apr-16,2016,12,2,,,,328,344,,10.1002/ieam.1678,,,3,1.5,0,0,0,0,0,0,0,0,0,0,0,0,0,0,0,0,0,0,0,0,0,0,0,0,0,0,0,0,0,0,0,0,0,0,0,0,0,0,0,0,0,0,0,0,0,0,0,0,0,0,0,0,0,0,0,0,0,0,0,0,0,0,0,0,0,0,0,0,0,0,0,0,0,0,0,0,0,0,0,0,0,0,0,0,0,0,0,0,0,0,0,0,0,0,0,0,0,0,0,0,0,0,0,0,0,0,0,0,0,0,0,0,0,0,0,0,2,1,0
Results of Li-Tho trial: a prospective randomized study on effectiveness of LigaSure (R) in lung resections,"Bertolaccini, Luca; Viti, Andrea; Cavallo, Antonio; Terzi, Alberto",,,,EUROPEAN JOURNAL OF CARDIO-THORACIC SURGERY,Apr-14,2014,45,4,,,,693,698,,10.1093/ejcts/ezt445,,,3,0.75,0,0,0,0,0,0,0,0,0,0,0,0,0,0,0,0,0,0,0,0,0,0,0,0,0,0,0,0,0,0,0,0,0,0,0,0,0,0,0,0,0,0,0,0,0,0,0,0,0,0,0,0,0,0,0,0,0,0,0,0,0,0,0,0,0,0,0,0,0,0,0,0,0,0,0,0,0,0,0,0,0,0,0,0,0,0,0,0,0,0,0,0,0,0,0,0,0,0,0,0,0,0,0,0,0,0,0,0,0,0,0,0,0,0,1,1,0,1,0
Economic Impact of a Recreational Striped Bass Fishery,"Lothrop, Ryan L.; Hanson, Terry R.; Sammons, Steven M.; Hite, Diane; Maceina, Michael J.",,,,NORTH AMERICAN JOURNAL OF FISHERIES MANAGEMENT,MAR 4 2014,2014,34,2,,,,301,310,,10.1080/02755947.2013.869279,,,3,0.75,0,0,0,0,0,0,0,0,0,0,0,0,0,0,0,0,0,0,0,0,0,0,0,0,0,0,0,0,0,0,0,0,0,0,0,0,0,0,0,0,0,0,0,0,0,0,0,0,0,0,0,0,0,0,0,0,0,0,0,0,0,0,0,0,0,0,0,0,0,0,0,0,0,0,0,0,0,0,0,0,0,0,0,0,0,0,0,0,0,0,0,0,0,0,0,0,0,0,0,0,0,0,0,0,0,0,0,0,0,0,0,0,0,0,0,0,0,3,0
Cost-Benefit Analysis of Alternative Techniques for Rehabilitating Abalone Reefs Depleted by Abalone Viral Ganglioneuritis,"Prince, Jeremy D.",,,,REVIEWS IN FISHERIES SCIENCE,OCT 2 2013,2013,21,3-Apr,,,SI,375,387,,10.1080/10641262.2013.837300,,,3,0.6,0,0,0,0,0,0,0,0,0,0,0,0,0,0,0,0,0,0,0,0,0,0,0,0,0,0,0,0,0,0,0,0,0,0,0,0,0,0,0,0,0,0,0,0,0,0,0,0,0,0,0,0,0,0,0,0,0,0,0,0,0,0,0,0,0,0,0,0,0,0,0,0,0,0,0,0,0,0,0,0,0,0,0,0,0,0,0,0,0,0,0,0,0,0,0,0,0,0,0,0,0,0,0,0,0,0,0,0,0,0,0,0,0,1,0,2,0,0,0
"Effects of marine survival, precocity and other life history traits on the cost-benefit of stocking salmon in the Baltic Sea","Kallio-Nyberg, I.; Salminen, M.; Saloniemi, I.; Lindroos, M.",,,,FISHERIES RESEARCH,Jun-11,2011,110,1,,,,111,119,,10.1016/j.fishres.2011.03.019,,,3,0.43,0,0,0,0,0,0,0,0,0,0,0,0,0,0,0,0,0,0,0,0,0,0,0,0,0,0,0,0,0,0,0,0,0,0,0,0,0,0,0,0,0,0,0,0,0,0,0,0,0,0,0,0,0,0,0,0,0,0,0,0,0,0,0,0,0,0,0,0,0,0,0,0,0,0,0,0,0,0,0,0,0,0,0,0,0,0,0,0,0,0,0,0,0,0,0,0,0,0,0,0,0,0,0,0,0,0,0,0,0,0,0,0,2,1,0,0,0,0,0
"A social cost-benefit analysis of a small-scale clam fishery in the Eastern Cape, South Africa","Sims-Castley, R; Hosking, SG",,,,AFRICAN JOURNAL OF MARINE SCIENCE,2003,2003,25,,,,,159,168,,10.2989/18142320309504006,,,3,0.2,0,0,0,0,0,0,0,0,0,0,0,0,0,0,0,0,0,0,0,0,0,0,0,0,0,0,0,0,0,0,0,0,0,0,0,0,0,0,0,0,0,0,0,0,0,0,0,0,0,0,0,0,0,0,0,0,0,0,0,0,0,0,0,0,0,0,0,0,0,0,0,0,0,0,0,0,0,0,0,0,0,0,0,0,0,0,0,0,0,0,0,0,0,0,0,0,0,0,0,0,0,0,0,0,0,0,0,0,0,0,0,0,0,1,0,2,0,0,0
Cost benefit analysis of fisheries management plans,"Changeux, T; Bonnieux, F; Armand, C",,,,FISHERIES MANAGEMENT AND ECOLOGY,AUG-OCT 2001,2001,8,4-May,,,,425,434,,10.1046/j.1365-2400.2001.00270.x,Meeting of the Fisheries and Society,"JUN 01-03, 2000",3,0.18,0,0,0,0,0,0,0,0,0,0,0,0,0,0,0,0,0,0,0,0,0,0,0,0,0,0,0,0,0,0,0,0,0,0,0,0,0,0,0,0,0,0,0,0,0,0,0,0,0,0,0,0,0,0,0,0,0,0,0,0,0,0,0,0,0,0,0,0,0,0,0,0,0,0,0,0,0,0,0,0,0,0,0,0,0,0,0,0,0,0,0,0,0,0,0,0,0,0,0,0,0,0,1,0,0,0,0,0,0,0,0,0,0,0,0,1,0,1,0
Fish passage facilities in the UK: Issues and options for future development,"Cowx, IG",,,"Jungwirth, M; Schmutz, S; Weiss, S",FISH MIGRATION AND FISH BYPASSES,1998,1998,,,,,,220,235,,,Symposium on Fish Migration and Fish Bypasses,"SEP 24-27, 1996",3,0.15,0,0,0,0,0,0,0,0,0,0,0,0,0,0,0,0,0,0,0,0,0,0,0,0,0,0,0,0,0,0,0,0,0,0,0,0,0,0,0,0,0,0,0,0,0,0,0,0,0,0,0,0,0,0,0,0,0,0,0,0,0,0,0,0,0,0,0,0,0,0,0,0,0,0,0,0,0,0,0,0,0,0,0,0,0,0,0,0,0,0,0,0,0,0,0,0,0,0,0,0,0,1,0,0,0,0,0,0,0,0,1,0,1,0,0,0,0,0,0
"Firm-level intermediate demand for Pacific whiting products: A multi-attribute, multi-sector analysis","Sylvia, G; Larkin, SL",,,,CANADIAN JOURNAL OF AGRICULTURAL ECONOMICS-REVUE CANADIENNE D ECONOMIE RURALE,Nov-95,1995,43,3,,,,501,518,,10.1111/j.1744-7976.1995.tb00138.x,,,3,0.13,0,0,0,0,0,0,0,0,0,0,0,0,0,0,0,0,0,0,0,0,0,0,0,0,0,0,0,0,0,0,0,0,0,0,0,0,0,0,0,0,0,0,0,0,0,0,0,0,0,0,0,0,0,0,0,0,0,0,0,0,0,0,0,0,0,0,0,0,0,0,0,0,0,0,0,0,0,0,0,0,0,0,0,0,0,0,0,0,0,0,0,0,0,0,0,0,0,0,0,1,1,0,0,1,0,0,0,0,0,0,0,0,0,0,0,0,0,0,0
"Declining discount rates and the Fisher Effect: Inflated past, discounted future?","Freeman, Mark C.; Groom, Ben; Panopoulou, Ekaterini; Pantelidis, Theologos",,,,JOURNAL OF ENVIRONMENTAL ECONOMICS AND MANAGEMENT,Sep-15,2015,73,,,,,32,49,,10.1016/j.jeem.2015.06.003,,,2,0.67,0,0,0,0,0,0,0,0,0,0,0,0,0,0,0,0,0,0,0,0,0,0,0,0,0,0,0,0,0,0,0,0,0,0,0,0,0,0,0,0,0,0,0,0,0,0,0,0,0,0,0,0,0,0,0,0,0,0,0,0,0,0,0,0,0,0,0,0,0,0,0,0,0,0,0,0,0,0,0,0,0,0,0,0,0,0,0,0,0,0,0,0,0,0,0,0,0,0,0,0,0,0,0,0,0,0,0,0,0,0,0,0,0,0,0,0,1,1,0
"Environmental economic feasibility for sustainable culture of the mangrove oyster Crassostrea rhizophorae (Guilding, 1828), in Cuba","Betanzos-Vega, Abel; Rivero-Suarez, Sarah; Mazon-Suastegui, Jose M.",,,,LATIN AMERICAN JOURNAL OF AQUATIC RESEARCH,Nov-14,2014,42,5,,,,1148,1158,,10.3856/vol42-issue5-fulltext-18,,,2,0.5,0,0,0,0,0,0,0,0,0,0,0,0,0,0,0,0,0,0,0,0,0,0,0,0,0,0,0,0,0,0,0,0,0,0,0,0,0,0,0,0,0,0,0,0,0,0,0,0,0,0,0,0,0,0,0,0,0,0,0,0,0,0,0,0,0,0,0,0,0,0,0,0,0,0,0,0,0,0,0,0,0,0,0,0,0,0,0,0,0,0,0,0,0,0,0,0,0,0,0,0,0,0,0,0,0,0,0,0,0,0,0,0,0,0,0,0,1,1,0
Cost-benefit analysis of Atlantic salmon smolt releases in relation to life-history variation,"Kallio-Nyberg, I.; Salminen, M.; Pakarinen, T.; Koljonen, M. -L.",,,,FISHERIES RESEARCH,Aug-13,2013,145,,,,,6,14,,10.1016/j.fishres.2013.03.004,,,2,0.4,0,0,0,0,0,0,0,0,0,0,0,0,0,0,0,0,0,0,0,0,0,0,0,0,0,0,0,0,0,0,0,0,0,0,0,0,0,0,0,0,0,0,0,0,0,0,0,0,0,0,0,0,0,0,0,0,0,0,0,0,0,0,0,0,0,0,0,0,0,0,0,0,0,0,0,0,0,0,0,0,0,0,0,0,0,0,0,0,0,0,0,0,0,0,0,0,0,0,0,0,0,0,0,0,0,0,0,0,0,0,0,0,0,0,0,2,0,0,0
A modelled cost-benefit analysis of hybrid PIT and conventional tagging scenarios,"Burch, Paul; Frusher, Stewart D.; Wotherspoon, Simon; Polacheck, Tom",,,,NEW ZEALAND JOURNAL OF MARINE AND FRESHWATER RESEARCH,Feb-09,2009,43,1,,,,339,346,,,8th International Conference and Workshop on Lobster Biology and Management,"SEP, 2007",2,0.22,0,0,0,0,0,0,0,0,0,0,0,0,0,0,0,0,0,0,0,0,0,0,0,0,0,0,0,0,0,0,0,0,0,0,0,0,0,0,0,0,0,0,0,0,0,0,0,0,0,0,0,0,0,0,0,0,0,0,0,0,0,0,0,0,0,0,0,0,0,0,0,0,0,0,0,0,0,0,0,0,0,0,0,0,0,0,0,0,0,0,0,0,0,0,0,0,0,0,0,0,0,0,0,0,0,0,0,0,0,1,1,0,0,0,0,0,0,0,0
"A cost-benefit analysis of three gillnet fisheries in Santa Catarina, Brazil: contributing to fisheries management decisions","Pio, Vanessa Mafra; Gonzalez-Poblete, Exequiel; Pezzuto, Paulo Ricardo; Wahrlich, Roberto",,,,LATIN AMERICAN JOURNAL OF AQUATIC RESEARCH,Nov-16,2016,44,5,,,,1096,1115,,10.3856/vo144-issue5-fulltext-19,,,1,0.5,0,0,0,0,0,0,0,0,0,0,0,0,0,0,0,0,0,0,0,0,0,0,0,0,0,0,0,0,0,0,0,0,0,0,0,0,0,0,0,0,0,0,0,0,0,0,0,0,0,0,0,0,0,0,0,0,0,0,0,0,0,0,0,0,0,0,0,0,0,0,0,0,0,0,0,0,0,0,0,0,0,0,0,0,0,0,0,0,0,0,0,0,0,0,0,0,0,0,0,0,0,0,0,0,0,0,0,0,0,0,0,0,0,0,0,0,1,0,0
Robotic vs. Laparoscopic Sleeve Gastrectomy in Adolescents; Reality or Hype,"Pepper, Victoria K.; Rager, Terrence M.; Diefenbach, Karen A.; Raval, Mehul V.; Teich, Steven; Michalsky, Marc P.",,,,OBESITY SURGERY,Aug-16,2016,26,8,,,,1912,1917,,10.1007/s11695-015-2029-4,,,1,0.5,0,0,0,0,0,0,0,0,0,0,0,0,0,0,0,0,0,0,0,0,0,0,0,0,0,0,0,0,0,0,0,0,0,0,0,0,0,0,0,0,0,0,0,0,0,0,0,0,0,0,0,0,0,0,0,0,0,0,0,0,0,0,0,0,0,0,0,0,0,0,0,0,0,0,0,0,0,0,0,0,0,0,0,0,0,0,0,0,0,0,0,0,0,0,0,0,0,0,0,0,0,0,0,0,0,0,0,0,0,0,0,0,0,0,0,0,0,1,0
Early Pioneers in Natural Resource Economics,"Brown, Gardner M.; Smith, V. Kerry; Munro, Gordon R.; Bishop, Richard",,,"Rausser, GC","ANNUAL REVIEW OF RESOURCE ECONOMICS, VOL 8",2016,2016,8,,,,,25,42,,10.1146/annurev-resource-100815-095243,,,1,0.5,0,0,0,0,0,0,0,0,0,0,0,0,0,0,0,0,0,0,0,0,0,0,0,0,0,0,0,0,0,0,0,0,0,0,0,0,0,0,0,0,0,0,0,0,0,0,0,0,0,0,0,0,0,0,0,0,0,0,0,0,0,0,0,0,0,0,0,0,0,0,0,0,0,0,0,0,0,0,0,0,0,0,0,0,0,0,0,0,0,0,0,0,0,0,0,0,0,0,0,0,0,0,0,0,0,0,0,0,0,0,0,0,0,0,0,0,0,1,0
A MARKET ANALYSIS OF RACE-CONSCIOUS UNIVERSITY ADMISSIONS FOR STUDENTS OF COLOR,"Peralta, Adriane Kayoko",,,,DENVER LAW REVIEW,WIN 2015,2015,93,1,,,,173,217,,,,,1,0.33,0,0,0,0,0,0,0,0,0,0,0,0,0,0,0,0,0,0,0,0,0,0,0,0,0,0,0,0,0,0,0,0,0,0,0,0,0,0,0,0,0,0,0,0,0,0,0,0,0,0,0,0,0,0,0,0,0,0,0,0,0,0,0,0,0,0,0,0,0,0,0,0,0,0,0,0,0,0,0,0,0,0,0,0,0,0,0,0,0,0,0,0,0,0,0,0,0,0,0,0,0,0,0,0,0,0,0,0,0,0,0,0,0,0,0,0,1,0,0
Statistical power: an important consideration in designing community-based monitoring programs for Arctic and sub-Arctic subsistence fisheries,"VanGerwen-Toyne, M.; Gillis, D. M.; Tallman, R. F.",,,,POLAR BIOLOGY,Oct-14,2014,37,10,,,,1435,1444,,10.1007/s00300-014-1533-7,,,1,0.25,0,0,0,0,0,0,0,0,0,0,0,0,0,0,0,0,0,0,0,0,0,0,0,0,0,0,0,0,0,0,0,0,0,0,0,0,0,0,0,0,0,0,0,0,0,0,0,0,0,0,0,0,0,0,0,0,0,0,0,0,0,0,0,0,0,0,0,0,0,0,0,0,0,0,0,0,0,0,0,0,0,0,0,0,0,0,0,0,0,0,0,0,0,0,0,0,0,0,0,0,0,0,0,0,0,0,0,0,0,0,0,0,0,0,0,1,0,0,0
Economic analysis for ecosystem service assessments,"Bateman, Ian J.; Mace, Georgina M.; Fezzi, Carlo; Atkinson, Giles; Turner, R. Kerry",,,"Ninan, KN",VALUING ECOSYSTEM SERVICES: METHODOLOGICAL ISSUES AND CASE STUDIES,2014,2014,,,,,,23,77,,,,,1,0.25,0,0,0,0,0,0,0,0,0,0,0,0,0,0,0,0,0,0,0,0,0,0,0,0,0,0,0,0,0,0,0,0,0,0,0,0,0,0,0,0,0,0,0,0,0,0,0,0,0,0,0,0,0,0,0,0,0,0,0,0,0,0,0,0,0,0,0,0,0,0,0,0,0,0,0,0,0,0,0,0,0,0,0,0,0,0,0,0,0,0,0,0,0,0,0,0,0,0,0,0,0,0,0,0,0,0,0,0,0,0,0,0,0,0,0,0,0,1,0
"DOLPHIN-FISHERY INTERACTION: COST-BENEFIT, SOCIAL-ECONOMIC AND CULTURAL CONSIDERATIONS","Beltran-Pedreros, Sandra; Filgueiras-Henriques, Ligia Amaral",,,"RuizGarcia, M; Shostell, JM","BIOLOGY, EVOLUTION AND CONSERVATION OF RIVER DOLPHINS WITHIN SOUTH AMERICA AND ASIA",2010,2010,,,,,,237,246,,,,,1,0.12,0,0,0,0,0,0,0,0,0,0,0,0,0,0,0,0,0,0,0,0,0,0,0,0,0,0,0,0,0,0,0,0,0,0,0,0,0,0,0,0,0,0,0,0,0,0,0,0,0,0,0,0,0,0,0,0,0,0,0,0,0,0,0,0,0,0,0,0,0,0,0,0,0,0,0,0,0,0,0,0,0,0,0,0,0,0,0,0,0,0,0,0,0,0,0,0,0,0,0,0,0,0,0,0,0,0,0,0,0,0,0,0,0,1,0,0,0,0,0
Assessment of the economic costs of damage caused by air-pollution,"Holland, MR",,,,WATER AIR AND SOIL POLLUTION,Dec-95,1995,85,4,,,,2583,2588,,10.1007/BF01186223,5th International Conference on Acidic Deposition - Science and Policy: Acid Reign 95,"JUN 26-30, 1995",1,0.04,0,0,0,0,0,0,0,0,0,0,0,0,0,0,0,0,0,0,0,0,0,0,0,0,0,0,0,0,0,0,0,0,0,0,0,0,0,0,0,0,0,0,0,0,0,0,0,0,0,0,0,0,0,0,0,0,0,0,0,0,0,0,0,0,0,0,0,0,0,0,0,0,0,0,0,0,0,0,0,0,0,0,0,0,0,0,0,0,0,0,0,0,0,0,0,0,0,0,0,0,0,0,0,0,0,0,0,0,0,0,1,0,0,0,0,0,0,0,0
Improving the ecological efficiency of the bottom trawl fishery in the Western Mediterranean: It's about time!,"Guijarro, Beatriz; Ordines, Francesc; Massuti, Enric",,,,MARINE POLICY,Sep-17,2017,83,,,,,204,214,,10.1016/j.marpol.2017.06.007,,,0,0,0,0,0,0,0,0,0,0,0,0,0,0,0,0,0,0,0,0,0,0,0,0,0,0,0,0,0,0,0,0,0,0,0,0,0,0,0,0,0,0,0,0,0,0,0,0,0,0,0,0,0,0,0,0,0,0,0,0,0,0,0,0,0,0,0,0,0,0,0,0,0,0,0,0,0,0,0,0,0,0,0,0,0,0,0,0,0,0,0,0,0,0,0,0,0,0,0,0,0,0,0,0,0,0,0,0,0,0,0,0,0,0,0,0,0,0,0,0,0
"Evaluation of the costs and benefits of mumbai sewage disposal project, India","Gupta, Indrani; Vachasiddha, Leena; Kumar, Rakesh",,,,INDIAN JOURNAL OF GEO-MARINE SCIENCES,Aug-17,2017,46,8,,,,1539,1545,,,,,0,0,0,0,0,0,0,0,0,0,0,0,0,0,0,0,0,0,0,0,0,0,0,0,0,0,0,0,0,0,0,0,0,0,0,0,0,0,0,0,0,0,0,0,0,0,0,0,0,0,0,0,0,0,0,0,0,0,0,0,0,0,0,0,0,0,0,0,0,0,0,0,0,0,0,0,0,0,0,0,0,0,0,0,0,0,0,0,0,0,0,0,0,0,0,0,0,0,0,0,0,0,0,0,0,0,0,0,0,0,0,0,0,0,0,0,0,0,0,0,0
A Multiregional Approach for Estimating the Economic Impact of Harvest Restrictions on Saltwater Sportfishing,"Seung, Chang K.; Lew, Daniel K.",,,,NORTH AMERICAN JOURNAL OF FISHERIES MANAGEMENT,2017,2017,37,5,,,,1112,1129,,10.1080/02755947.2017.1345808,,,0,0,0,0,0,0,0,0,0,0,0,0,0,0,0,0,0,0,0,0,0,0,0,0,0,0,0,0,0,0,0,0,0,0,0,0,0,0,0,0,0,0,0,0,0,0,0,0,0,0,0,0,0,0,0,0,0,0,0,0,0,0,0,0,0,0,0,0,0,0,0,0,0,0,0,0,0,0,0,0,0,0,0,0,0,0,0,0,0,0,0,0,0,0,0,0,0,0,0,0,0,0,0,0,0,0,0,0,0,0,0,0,0,0,0,0,0,0,0,0,0
FISH testing of HER2 immunohistochemistry 1+invasive breast cancer with unfavorable characteristics,"Petroni, Stella; Caldarola, Lucia; Scamarcio, Rachele; Giotta, Francesco; Latorre, Agnese; Mangia, Anita; Simone, Giovanni",,,,ONCOLOGY LETTERS,Nov-16,2016,12,5,,,,3115,3122,,10.3892/ol.2016.5125,,,0,0,0,0,0,0,0,0,0,0,0,0,0,0,0,0,0,0,0,0,0,0,0,0,0,0,0,0,0,0,0,0,0,0,0,0,0,0,0,0,0,0,0,0,0,0,0,0,0,0,0,0,0,0,0,0,0,0,0,0,0,0,0,0,0,0,0,0,0,0,0,0,0,0,0,0,0,0,0,0,0,0,0,0,0,0,0,0,0,0,0,0,0,0,0,0,0,0,0,0,0,0,0,0,0,0,0,0,0,0,0,0,0,0,0,0,0,0,0,0,0
Putting Economics into Maximum Economic Yield,"Squires, Dale; Vestergaard, Niels",,,,MARINE RESOURCE ECONOMICS,Jan-16,2016,31,1,,,,101,116,,10.1086/683670,,,0,0,0,0,0,0,0,0,0,0,0,0,0,0,0,0,0,0,0,0,0,0,0,0,0,0,0,0,0,0,0,0,0,0,0,0,0,0,0,0,0,0,0,0,0,0,0,0,0,0,0,0,0,0,0,0,0,0,0,0,0,0,0,0,0,0,0,0,0,0,0,0,0,0,0,0,0,0,0,0,0,0,0,0,0,0,0,0,0,0,0,0,0,0,0,0,0,0,0,0,0,0,0,0,0,0,0,0,0,0,0,0,0,0,0,0,0,0,0,0,0
COLLAGEN DRESSING VERSUS HEPARIN DRESSING IN BURN WOUND MANAGEMENT,"Rai, Rakesh; Sudarshan, Sunil H.; Dsouza, Reshmina; Saldhana, Elroy; Aithala, P. S.",,,,JOURNAL OF EVOLUTION OF MEDICAL AND DENTAL SCIENCES-JEMDS,NOV 25 2013,2013,2,47,,,,9124,9130,,,,,0,0,0,0,0,0,0,0,0,0,0,0,0,0,0,0,0,0,0,0,0,0,0,0,0,0,0,0,0,0,0,0,0,0,0,0,0,0,0,0,0,0,0,0,0,0,0,0,0,0,0,0,0,0,0,0,0,0,0,0,0,0,0,0,0,0,0,0,0,0,0,0,0,0,0,0,0,0,0,0,0,0,0,0,0,0,0,0,0,0,0,0,0,0,0,0,0,0,0,0,0,0,0,0,0,0,0,0,0,0,0,0,0,0,0,0,0,0,0,0,0
DEVELOPING WAVE ENERGY IN MEDITERRANEAN SEA: PEST ANALYSIS AND EXAMINATION OF OTHER NON-TECHNOLOGICAL BARRIERS TO THE IMPLEMENTATION AND SUSTAINABLE DEVELOPMENT OF WAVE ENERGY,"Papadopoulos, E.; Synolakis, C.",,,"Lekkas, TD",PROCEEDINGS OF THE 13TH INTERNATIONAL CONFERENCE ON ENVIRONMENTAL SCIENCE AND TECHNOLOGY,2013,2013,,,,,,,,,,13th International Conference on Environmental Science and Technology (CEST),"SEP 05-07, 2013",0,0,0,0,0,0,0,0,0,0,0,0,0,0,0,0,0,0,0,0,0,0,0,0,0,0,0,0,0,0,0,0,0,0,0,0,0,0,0,0,0,0,0,0,0,0,0,0,0,0,0,0,0,0,0,0,0,0,0,0,0,0,0,0,0,0,0,0,0,0,0,0,0,0,0,0,0,0,0,0,0,0,0,0,0,0,0,0,0,0,0,0,0,0,0,0,0,0,0,0,0,0,0,0,0,0,0,0,0,0,0,0,0,0,0,0,0,0,0,0,0
"Fisheries Registration and Licensing: A Case Study in Bani, Pangasinan, Philippines","Peralta-Milan, Shielameh A.; Lucero, Ma. Susan J.; Castrence, Fernando, Jr.",,,"Dan, Y",INTERNATIONAL CONFERENCE ON ENVIRONMENTAL SCIENCE AND DEVELOPMENT (ICESD 2012),2012,2012,1,,,,,263,271,,10.1016/j.apcbee.2012.03.043,3rd International Conference on Environmental Science and Development (ICESD),"JAN 05-07, 2012",0,0,0,0,0,0,0,0,0,0,0,0,0,0,0,0,0,0,0,0,0,0,0,0,0,0,0,0,0,0,0,0,0,0,0,0,0,0,0,0,0,0,0,0,0,0,0,0,0,0,0,0,0,0,0,0,0,0,0,0,0,0,0,0,0,0,0,0,0,0,0,0,0,0,0,0,0,0,0,0,0,0,0,0,0,0,0,0,0,0,0,0,0,0,0,0,0,0,0,0,0,0,0,0,0,0,0,0,0,0,0,0,0,0,0,0,0,0,0,0,0
Moving Towards an Ecological Management of the Beaches,"Vanhooren, Sofie; Maelfait, Hanneore; Belpaeme, Kathy",,,,JOURNAL OF COASTAL RESEARCH,2011,2011,,,,,61,81,86,,,3rd International Conference on the Management of Coastal Recreational Resources MCRR,"OCT 27-30, 2010",0,0,0,0,0,0,0,0,0,0,0,0,0,0,0,0,0,0,0,0,0,0,0,0,0,0,0,0,0,0,0,0,0,0,0,0,0,0,0,0,0,0,0,0,0,0,0,0,0,0,0,0,0,0,0,0,0,0,0,0,0,0,0,0,0,0,0,0,0,0,0,0,0,0,0,0,0,0,0,0,0,0,0,0,0,0,0,0,0,0,0,0,0,0,0,0,0,0,0,0,0,0,0,0,0,0,0,0,0,0,0,0,0,0,0,0,0,0,0,0,0
"ESTIMATING THE VALUE OF A POSITIVE CHANGE IN TROUT FLY-FISHING QUALITY IN THE RHODES TROUT FISHERY, EASTERN CAPE, SOUTH AFRICA","Du Preez, M.; Lee, D. E.",,,,SOUTH AFRICAN JOURNAL OF ECONOMIC AND MANAGEMENT SCIENCES,Jun-10,2010,13,2,,,,158,176,,,,,0,0,0,0,0,0,0,0,0,0,0,0,0,0,0,0,0,0,0,0,0,0,0,0,0,0,0,0,0,0,0,0,0,0,0,0,0,0,0,0,0,0,0,0,0,0,0,0,0,0,0,0,0,0,0,0,0,0,0,0,0,0,0,0,0,0,0,0,0,0,0,0,0,0,0,0,0,0,0,0,0,0,0,0,0,0,0,0,0,0,0,0,0,0,0,0,0,0,0,0,0,0,0,0,0,0,0,0,0,0,0,0,0,0,0,0,0,0,0,0,0
A bioeconomic optimization approach for rebuilding marine communities: British Columbia case study,"Ainsworth, C. H.; Pitcher, T. J.",,,,ENVIRONMENTAL CONSERVATION,2009,2009,36,4,,,,301,311,,10.1017/S0376892910000135,,,0,0,0,0,0,0,0,0,0,0,0,0,0,0,0,0,0,0,0,0,0,0,0,0,0,0,0,0,0,0,0,0,0,0,0,0,0,0,0,0,0,0,0,0,0,0,0,0,0,0,0,0,0,0,0,0,0,0,0,0,0,0,0,0,0,0,0,0,0,0,0,0,0,0,0,0,0,0,0,0,0,0,0,0,0,0,0,0,0,0,0,0,0,0,0,0,0,0,0,0,0,0,0,0,0,0,0,0,0,0,0,0,0,0,0,0,0,0,0,0,0
Economic Benefits for the Freshwater Inflows in the Colorado River Delta,"Rivera, Enrique Sanjuijo",,,"Shang, HQ; Luo, XX","PROCEEDINGS OF THE 3RD INTERNATIONAL YELLOW RIVER FORUM ON SUSTAINABLE WATER RESOURCES MANAGEMENT AND DELTA ECOSYSTEM MAINTENANCE, VOL II",2007,2007,,,,,,280,285,,,3rd International Yellow River Forum,"OCT 16-19, 2007",0,0,0,0,0,0,0,0,0,0,0,0,0,0,0,0,0,0,0,0,0,0,0,0,0,0,0,0,0,0,0,0,0,0,0,0,0,0,0,0,0,0,0,0,0,0,0,0,0,0,0,0,0,0,0,0,0,0,0,0,0,0,0,0,0,0,0,0,0,0,0,0,0,0,0,0,0,0,0,0,0,0,0,0,0,0,0,0,0,0,0,0,0,0,0,0,0,0,0,0,0,0,0,0,0,0,0,0,0,0,0,0,0,0,0,0,0,0,0,0,0
"COST-BENEFIT-ANALYSIS - CASE-STUDY OF RATNAGARI FISHERIES PROJECT - MISHRA,SN, BEYER,J","FITZGERALD, EVK",,,,JOURNAL OF DEVELOPMENT STUDIES,1977,1977,14,1,,,,119,121,,,,,0,0,0,0,0,0,0,0,0,0,0,0,0,0,0,0,0,0,0,0,0,0,0,0,0,0,0,0,0,0,0,0,0,0,0,0,0,0,0,0,0,0,0,0,0,0,0,0,0,0,0,0,0,0,0,0,0,0,0,0,0,0,0,0,0,0,0,0,0,0,0,0,0,0,0,0,0,0,0,0,0,0,0,0,0,0,0,0,0,0,0,0,0,0,0,0,0,0,0,0,0,0,0,0,0,0,0,0,0,0,0,0,0,0,0,0,0,0,0,0,0
