TOPIC: (((Cost benefit) OR (Cost-benefit) OR (Cost utility) OR (Cost-utility)) AND analysis) AND TOPIC: (Conservation Ecolog*),,,,,,,,,,,,,,,,,,,,,,,,,,,,,,,,,,,,,,,,,,,,,,,,,,,,,,,,,,,,,,,,,,,,,,,,,,,,,,,,,,,,,,,,,,,,,,,,,,,,,,,,,,,,,,,,,,,,,,,,,,,,,,,,,,,,,,,,,,,
null,,,,,,,,,,,,,,,,,,,,,,,,,,,,,,,,,,,,,,,,,,,,,,,,,,,,,,,,,,,,,,,,,,,,,,,,,,,,,,,,,,,,,,,,,,,,,,,,,,,,,,,,,,,,,,,,,,,,,,,,,,,,,,,,,,,,,,,,,,,
"Timespan=All years. Indexes=SCI-EXPANDED, SSCI, A&HCI, CPCI-S, CPCI-SSH, BKCI-S, BKCI-SSH, ESCI, CCR-EXPANDED, IC.",,,,,,,,,,,,,,,,,,,,,,,,,,,,,,,,,,,,,,,,,,,,,,,,,,,,,,,,,,,,,,,,,,,,,,,,,,,,,,,,,,,,,,,,,,,,,,,,,,,,,,,,,,,,,,,,,,,,,,,,,,,,,,,,,,,,,,,,,,,
,,,,,,,,,,,,,,,,,,,,,,,,,,,,,,,,,,,,,,,,,,,,,,,,,,,,,,,,,,,,,,,,,,,,,,,,,,,,,,,,,,,,,,,,,,,,,,,,,,,,,,,,,,,,,,,,,,,,,,,,,,,,,,,,,,,,,,,,,,,
,,,,,,,,,,,,,,,,,,,,,,,,,,,,,,,,,,,,,,,,,,,,,,,,,,,,,,,,,,,,,,,,,,,,,,,,,,,,,,,,,,,,,,,,,,,,,,,,,,,,,,,,,,,,,,,,,,,,,,,,,,,,,,,,,,,,,,,,,,,
,,,,,,,,,,,,,,,,,,,,,,,,,,,,,,,,,,,,,,,,,,,,,,,,,,,,,,,,,,,,,,,,,,,,,,,,,,,,,,,,,,,,,,,,,,,,,,,,,,,,,,,,,,,,,,,,,,,,,,,,,,,,,,,,,,,,,,,,,,,
,,Total Publications by Year,,,,,,,,,Sum of Times Cited by Year,,,,,,,,,,,,,,,,,,,,,,,,,,,,,,,,,,,,,,,,,,,,,,,,,,,,,,,,,,,,,,,,,,,,,,,,,,,,,,,,,,,,,,,,,,,,,,,,,,,,,,,,,,,,,,,,,,,,,,,,,,,,,,,,
,,,,,,,,,,,,,,,,,,,,,,,,,,,,,,,,,,,,,,,,,,,,,,,,,,,,,,,,,,,,,,,,,,,,,,,,,,,,,,,,,,,,,,,,,,,,,,,,,,,,,,,,,,,,,,,,,,,,,,,,,,,,,,,,,,,,,,,,,,,
,,,,,,,,,,,,,,,,,,,,,,,,,,,,,,,,,,,,,,,,,,,,,,,,,,,,,,,,,,,,,,,,,,,,,,,,,,,,,,,,,,,,,,,,,,,,,,,,,,,,,,,,,,,,,,,,,,,,,,,,,,,,,,,,,,,,,,,,,,,
,,,,,,,,,,,,,,,,,,,,,,,,,,,,,,,,,,,,,,,,,,,,,,,,,,,,,,,,,,,,,,,,,,,,,,,,,,,,,,,,,,,,,,,,,,,,,,,,,,,,,,,,,,,,,,,,,,,,,,,,,,,,,,,,,,,,,,,,,,,
,,,,,,,,,,,,,,,,,,,,,,,,,,,,,,,,,,,,,,,,,,,,,,,,,,,,,,,,,,,,,,,,,,,,,,,,,,,,,,,,,,,,,,,,,,,,,,,,,,,,,,,,,,,,,,,,,,,,,,,,,,,,,,,,,,,,,,,,,,,
,,,,,,,,,,,,,,,,,,,,,,,,,,,,,,,,,,,,,,,,,,,,,,,,,,,,,,,,,,,,,,,,,,,,,,,,,,,,,,,,,,,,,,,,,,,,,,,,,,,,,,,,,,,,,,,,,,,,,,,,,,,,,,,,,,,,,,,,,,,
,,,,,,,,,,,,,,,,,,,,,,,,,,,,,,,,,,,,,,,,,,,,,,,,,,,,,,,,,,,,,,,,,,,,,,,,,,,,,,,,,,,,,,,,,,,,,,,,,,,,,,,,,,,,,,,,,,,,,,,,,,,,,,,,,,,,,,,,,,,
,,,,,,,,,,,,,,,,,,,,,,,,,,,,,,,,,,,,,,,,,,,,,,,,,,,,,,,,,,,,,,,,,,,,,,,,,,,,,,,,,,,,,,,,,,,,,,,,,,,,,,,,,,,,,,,,,,,,,,,,,,,,,,,,,,,,,,,,,,,
,,,,,,,,,,,,,,,,,,,,,,,,,,,,,,,,,,,,,,,,,,,,,,,,,,,,,,,,,,,,,,,,,,,,,,,,,,,,,,,,,,,,,,,,,,,,,,,,,,,,,,,,,,,,,,,,,,,,,,,,,,,,,,,,,,,,,,,,,,,
,,,,,,,,,,,,,,,,,,,,,,,,,,,,,,,,,,,,,,,,,,,,,,,,,,,,,,,,,,,,,,,,,,,,,,,,,,,,,,,,,,,,,,,,,,,,,,,,,,,,,,,,,,,,,,,,,,,,,,,,,,,,,,,,,,,,,,,,,,,
,,,,,,,,,,,,,,,,,,,,,,,,,,,,,,,,,,,,,,,,,,,,,,,,,,,,,,,,,,,,,,,,,,,,,,,,,,,,,,,,,,,,,,,,,,,,,,,,,,,,,,,,,,,,,,,,,,,,,,,,,,,,,,,,,,,,,,,,,,,
,,,,,,,,,,,,,,,,,,,,,,,,,,,,,,,,,,,,,,,,,,,,,,,,,,,,,,,,,,,,,,,,,,,,,,,,,,,,,,,,,,,,,,,,,,,,,,,,,,,,,,,,,,,,,,,,,,,,,,,,,,,,,,,,,,,,,,,,,,,
,,,,,,,,,,,,,,,,,,,,,,,,,,,,,,,,,,,,,,,,,,,,,,,,,,,,,,,,,,,,,,,,,,,,,,,,,,,,,,,,,,,,,,,,,,,,,,,,,,,,,,,,,,,,,,,,,,,,,,,,,,,,,,,,,,,,,,,,,,,
,,,,,,,,,,,,,,,,,,,,,,,,,,,,,,,,,,,,,,,,,,,,,,,,,,,,,,,,,,,,,,,,,,,,,,,,,,,,,,,,,,,,,,,,,,,,,,,,,,,,,,,,,,,,,,,,,,,,,,,,,,,,,,,,,,,,,,,,,,,
,,,,,,,,,,,,,,,,,,,,,,,,,,,,,,,,,,,,,,,,,,,,,,,,,,,,,,,,,,,,,,,,,,,,,,,,,,,,,,,,,,,,,,,,,,,,,,,,,,,,,,,,,,,,,,,,,,,,,,,,,,,,,,,,,,,,,,,,,,,
,,,,,,,,,,,,,,,,,,,,,,,,,,,,,,,,,,,,,,,,,,,,,,,,,,,,,,,,,,,,,,,,,,,,,,,,,,,,,,,,,,,,,,,,,,,,,,,,,,,,,,,,,,,,,,,,,,,,,,,,,,,,,,,,,,,,,,,,,,,
,,,,,,,,,,,,,,,,,,,,,,,,,,,,,,,,,,,,,,,,,,,,,,,,,,,,,,,,,,,,,,,,,,,,,,,,,,,,,,,,,,,,,,,,,,,,,,,,,,,,,,,,,,,,,,,,,,,,,,,,,,,,,,,,,,,,,,,,,,,
Results found,116,,,,,,,,,,,,,,,,,,,,,,,,,,,,,,,,,,,,,,,,,,,,,,,,,,,,,,,,,,,,,,,,,,,,,,,,,,,,,,,,,,,,,,,,,,,,,,,,,,,,,,,,,,,,,,,,,,,,,,,,,,,,,,,,,,,,,,,,,,
Sum of the Times Cited,3069,,,,,,,,,,,,,,,,,,,,,,,,,,,,,,,,,,,,,,,,,,,,,,,,,,,,,,,,,,,,,,,,,,,,,,,,,,,,,,,,,,,,,,,,,,,,,,,,,,,,,,,,,,,,,,,,,,,,,,,,,,,,,,,,,,,,,,,,,,
Average Citations per Item,26.46,,,,,,,,,,,,,,,,,,,,,,,,,,,,,,,,,,,,,,,,,,,,,,,,,,,,,,,,,,,,,,,,,,,,,,,,,,,,,,,,,,,,,,,,,,,,,,,,,,,,,,,,,,,,,,,,,,,,,,,,,,,,,,,,,,,,,,,,,,
h-index,28,,,,,,,,,,,,,,,,,,,,,,,,,,,,,,,,,,,,,,,,,,,,,,,,,,,,,,,,,,,,,,,,,,,,,,,,,,,,,,,,,,,,,,,,,,,,,,,,,,,,,,,,,,,,,,,,,,,,,,,,,,,,,,,,,,,,,,,,,,
,,,,,,,,,,,,,,,,,,,,,,,,,,,,,,,,,,,,,,,,,,,,,,,,,,,,,,,,,,,,,,,,,,,,,,,,,,,,,,,,,,,,,,,,,,,,,,,,,,,,,,,,,,,,,,,,,,,,,,,,,,,,,,,,,,,,,,,,,,,
Title,Authors,Corporate Authors,Editors,Book Editors,Source Title,Publication Date,Publication Year,Volume,Issue,Part Number,Supplement,Special Issue,Beginning Page,Ending Page,Article Number,DOI,Conference Title,Conference Date,Total Citations,Average per Year,1900,1901,1902,1903,1904,1905,1906,1907,1908,1909,1910,1911,1912,1913,1914,1915,1916,1917,1918,1919,1920,1921,1922,1923,1924,1925,1926,1927,1928,1929,1930,1931,1932,1933,1934,1935,1936,1937,1938,1939,1940,1941,1942,1943,1944,1945,1946,1947,1948,1949,1950,1951,1952,1953,1954,1955,1956,1957,1958,1959,1960,1961,1962,1963,1964,1965,1966,1967,1968,1969,1970,1971,1972,1973,1974,1975,1976,1977,1978,1979,1980,1981,1982,1983,1984,1985,1986,1987,1988,1989,1990,1991,1992,1993,1994,1995,1996,1997,1998,1999,2000,2001,2002,2003,2004,2005,2006,2007,2008,2009,2010,2011,2012,2013,2014,2015,2016,2017,2018
"Green roofs as urban ecosystems: Ecological structures, functions, and services","Oberndorfer, Erica; Lundholm, Jeremy; Bass, Brad; Coffman, Reid R.; Doshi, Hitesh; Dunnett, Nigel; Gaffin, Stuart; Koehler, Manfred; Liu, Karen K. Y.; Rowe, Bradley",,,,BIOSCIENCE,Nov-07,2007,57,10,,,,823,833,,10.1641/B571005,,,345,31.36,0,0,0,0,0,0,0,0,0,0,0,0,0,0,0,0,0,0,0,0,0,0,0,0,0,0,0,0,0,0,0,0,0,0,0,0,0,0,0,0,0,0,0,0,0,0,0,0,0,0,0,0,0,0,0,0,0,0,0,0,0,0,0,0,0,0,0,0,0,0,0,0,0,0,0,0,0,0,0,0,0,0,0,0,0,0,0,0,0,0,0,0,0,0,0,0,0,0,0,0,0,0,0,0,0,0,0,0,6,11,14,32,30,39,42,64,60,47,0
Ecological-economic analysis of wetlands: scientific integration for management and policy,"Turner, RK; van den Bergh, JCJM; Soderqvist, T; Barendregt, A; van der Straaten, J; Maltby, E; van Ierland, EC",,,,ECOLOGICAL ECONOMICS,Oct-00,2000,35,1,,,SI,7,23,,10.1016/S0921-8009(00)00164-6,,,229,12.72,0,0,0,0,0,0,0,0,0,0,0,0,0,0,0,0,0,0,0,0,0,0,0,0,0,0,0,0,0,0,0,0,0,0,0,0,0,0,0,0,0,0,0,0,0,0,0,0,0,0,0,0,0,0,0,0,0,0,0,0,0,0,0,0,0,0,0,0,0,0,0,0,0,0,0,0,0,0,0,0,0,0,0,0,0,0,0,0,0,0,0,0,0,0,0,0,0,0,0,0,1,2,7,6,8,9,13,14,14,20,10,27,20,18,18,16,16,10,0
ECOSYSTEM SERVICES AND ECONOMIC THEORY: INTEGRATION FOR POLICY-RELEVANT RESEARCH,"Fisher, Brendan; Turner, Kerry; Zylstra, Matthew; Brouwer, Roy; de Groot, Rudolf; Farber, Stephen; Ferraro, Paul; Green, Rhys; Hadley, David; Harlow, Julian; Jefferiss, Paul; Kirkby, Chris; Morling, Paul; Mowatt, Shaun; Naidoo, Robin; Paavola, Jouni; Strassburg, Bernardo; Yu, Doug; Balmford, Andrew",,,,ECOLOGICAL APPLICATIONS,Dec-08,2008,18,8,,,,2050,2067,,10.1890/07-1537.1,,,214,21.4,0,0,0,0,0,0,0,0,0,0,0,0,0,0,0,0,0,0,0,0,0,0,0,0,0,0,0,0,0,0,0,0,0,0,0,0,0,0,0,0,0,0,0,0,0,0,0,0,0,0,0,0,0,0,0,0,0,0,0,0,0,0,0,0,0,0,0,0,0,0,0,0,0,0,0,0,0,0,0,0,0,0,0,0,0,0,0,0,0,0,0,0,0,0,0,0,0,0,0,0,0,0,0,0,0,0,0,0,0,1,20,23,31,29,33,34,30,13,0
Adaptive management of the Great Barrier Reef: A globally significant demonstration of the benefits of networks of marine reserves,"McCook, Laurence J.; Ayling, Tony; Cappo, Mike; Choat, J. Howard; Evans, Richard D.; De Freitas, Debora M.; Heupel, Michelle; Hughes, Terry P.; Jones, Geoffrey P.; Mapstone, Bruce; Marsh, Helene; Mills, Morena; Molloy, Fergus J.; Pitcher, C. Roland; Pressey, Robert L.; Russ, Garry R.; Sutton, Stephen; Sweatman, Hugh; Tobin, Renae; Wachenfeld, David R.; Williamson, David H.",,,,PROCEEDINGS OF THE NATIONAL ACADEMY OF SCIENCES OF THE UNITED STATES OF AMERICA,OCT 26 2010,2010,107,43,,,,18278,18285,,10.1073/pnas.0909335107,,,207,25.88,0,0,0,0,0,0,0,0,0,0,0,0,0,0,0,0,0,0,0,0,0,0,0,0,0,0,0,0,0,0,0,0,0,0,0,0,0,0,0,0,0,0,0,0,0,0,0,0,0,0,0,0,0,0,0,0,0,0,0,0,0,0,0,0,0,0,0,0,0,0,0,0,0,0,0,0,0,0,0,0,0,0,0,0,0,0,0,0,0,0,0,0,0,0,0,0,0,0,0,0,0,0,0,0,0,0,0,0,0,0,4,18,22,33,30,39,36,25,0
Optimal Allocation of Resources among Threatened Species: a Project Prioritization Protocol,"Joseph, Liana N.; Maloney, Richard F.; Possingham, Hugh P.",,,,CONSERVATION BIOLOGY,Apr-09,2009,23,2,,,,328,338,,10.1111/j.1523-1739.2008.01124.x,,,190,21.11,0,0,0,0,0,0,0,0,0,0,0,0,0,0,0,0,0,0,0,0,0,0,0,0,0,0,0,0,0,0,0,0,0,0,0,0,0,0,0,0,0,0,0,0,0,0,0,0,0,0,0,0,0,0,0,0,0,0,0,0,0,0,0,0,0,0,0,0,0,0,0,0,0,0,0,0,0,0,0,0,0,0,0,0,0,0,0,0,0,0,0,0,0,0,0,0,0,0,0,0,0,0,0,0,0,0,0,0,0,0,22,27,10,22,18,31,34,26,0
Evolutionary ecology of carnivorous plants,"Ellison, AM; Gotelli, NJ",,,,TRENDS IN ECOLOGY & EVOLUTION,Nov-01,2001,16,11,,,,623,629,,10.1016/S0169-5347(01)02269-8,,,111,6.53,0,0,0,0,0,0,0,0,0,0,0,0,0,0,0,0,0,0,0,0,0,0,0,0,0,0,0,0,0,0,0,0,0,0,0,0,0,0,0,0,0,0,0,0,0,0,0,0,0,0,0,0,0,0,0,0,0,0,0,0,0,0,0,0,0,0,0,0,0,0,0,0,0,0,0,0,0,0,0,0,0,0,0,0,0,0,0,0,0,0,0,0,0,0,0,0,0,0,0,0,0,0,2,6,3,7,9,5,5,8,7,13,6,3,11,12,10,4,0
How much is that ecosystem in the window? The one with the bio-diverse trail,"Spash, Clive L.",,,,ENVIRONMENTAL VALUES,May-08,2008,17,2,,,,259,284,,10.3197/096327108X303882,,,83,8.3,0,0,0,0,0,0,0,0,0,0,0,0,0,0,0,0,0,0,0,0,0,0,0,0,0,0,0,0,0,0,0,0,0,0,0,0,0,0,0,0,0,0,0,0,0,0,0,0,0,0,0,0,0,0,0,0,0,0,0,0,0,0,0,0,0,0,0,0,0,0,0,0,0,0,0,0,0,0,0,0,0,0,0,0,0,0,0,0,0,0,0,0,0,0,0,0,0,0,0,0,0,0,0,0,0,0,0,0,1,4,5,5,10,8,12,23,10,5,0
Cost-effectiveness of dryland forest restoration evaluated by spatial analysis of ecosystem services,"Birch, Jennifer C.; Newton, Adrian C.; Alvarez Aquino, Claudia; Cantarello, Elena; Echeverria, Cristian; Kitzberger, Thomas; Schiappacasse, Ignacio; Garavito, Natalia Tejedor",,,,PROCEEDINGS OF THE NATIONAL ACADEMY OF SCIENCES OF THE UNITED STATES OF AMERICA,DEC 14 2010,2010,107,50,,,,21925,21930,,10.1073/pnas.1003369107,,,82,10.25,0,0,0,0,0,0,0,0,0,0,0,0,0,0,0,0,0,0,0,0,0,0,0,0,0,0,0,0,0,0,0,0,0,0,0,0,0,0,0,0,0,0,0,0,0,0,0,0,0,0,0,0,0,0,0,0,0,0,0,0,0,0,0,0,0,0,0,0,0,0,0,0,0,0,0,0,0,0,0,0,0,0,0,0,0,0,0,0,0,0,0,0,0,0,0,0,0,0,0,0,0,0,0,0,0,0,0,0,0,0,0,5,5,14,10,12,22,14,0
Environmental threats to salt lakes and the likely status of inland saline ecosystems in 2025,"Williams, WD",,,,ENVIRONMENTAL CONSERVATION,Jun-02,2002,29,2,,,,154,167,,10.1017/S0376892902000103,,,82,5.12,0,0,0,0,0,0,0,0,0,0,0,0,0,0,0,0,0,0,0,0,0,0,0,0,0,0,0,0,0,0,0,0,0,0,0,0,0,0,0,0,0,0,0,0,0,0,0,0,0,0,0,0,0,0,0,0,0,0,0,0,0,0,0,0,0,0,0,0,0,0,0,0,0,0,0,0,0,0,0,0,0,0,0,0,0,0,0,0,0,0,0,0,0,0,0,0,0,0,0,0,0,0,1,0,1,4,3,2,4,5,5,7,6,9,7,9,9,10,0
Cost-benefit analysis in the context of ecosystem services for human well-being: A multidisciplinary critique,"Wegner, Giulia; Pascual, Unai",,,,GLOBAL ENVIRONMENTAL CHANGE-HUMAN AND POLICY DIMENSIONS,May-11,2011,21,2,,,SI,492,504,,10.1016/j.gloenvcha.2010.12.008,,,81,11.57,0,0,0,0,0,0,0,0,0,0,0,0,0,0,0,0,0,0,0,0,0,0,0,0,0,0,0,0,0,0,0,0,0,0,0,0,0,0,0,0,0,0,0,0,0,0,0,0,0,0,0,0,0,0,0,0,0,0,0,0,0,0,0,0,0,0,0,0,0,0,0,0,0,0,0,0,0,0,0,0,0,0,0,0,0,0,0,0,0,0,0,0,0,0,0,0,0,0,0,0,0,0,0,0,0,0,0,0,0,0,0,1,5,3,10,25,23,14,0
Economic benefits of biodiversity exceed costs of conservation at an African rainforest reserve,"Naidoo, R; Adamowicz, WL",,,,PROCEEDINGS OF THE NATIONAL ACADEMY OF SCIENCES OF THE UNITED STATES OF AMERICA,NOV 15 2005,2005,102,46,,,,16712,16716,,10.1073/pnas.0508036102,,,78,6,0,0,0,0,0,0,0,0,0,0,0,0,0,0,0,0,0,0,0,0,0,0,0,0,0,0,0,0,0,0,0,0,0,0,0,0,0,0,0,0,0,0,0,0,0,0,0,0,0,0,0,0,0,0,0,0,0,0,0,0,0,0,0,0,0,0,0,0,0,0,0,0,0,0,0,0,0,0,0,0,0,0,0,0,0,0,0,0,0,0,0,0,0,0,0,0,0,0,0,0,0,0,0,0,0,0,4,9,2,8,11,7,7,6,6,8,8,2,0
"MODELING ECONOMY ECOLOGY LINKAGES IN MANGROVES - ECONOMIC EVIDENCE FOR PROMOTING CONSERVATION IN BINTUNI BAY, INDONESIA","RUITENBEEK, HJ",,,,ECOLOGICAL ECONOMICS,Aug-94,1994,10,3,,,,233,247,,,,,55,2.29,0,0,0,0,0,0,0,0,0,0,0,0,0,0,0,0,0,0,0,0,0,0,0,0,0,0,0,0,0,0,0,0,0,0,0,0,0,0,0,0,0,0,0,0,0,0,0,0,0,0,0,0,0,0,0,0,0,0,0,0,0,0,0,0,0,0,0,0,0,0,0,0,0,0,0,0,0,0,0,0,0,0,0,0,0,0,0,0,0,0,0,0,0,0,0,0,0,3,2,2,4,2,5,4,3,2,1,0,4,2,3,7,4,2,2,1,2,0,0
"Modeling the effect of three soil and water conservation practices in Tigray, Ethiopia","Hengsdijk, H; Meijerink, GW; Mosugu, ME",,,,AGRICULTURE ECOSYSTEMS & ENVIRONMENT,Jan-05,2005,105,1-Feb,,,,29,40,,"10.1016/j,agee.2004.06.002",,,52,4,0,0,0,0,0,0,0,0,0,0,0,0,0,0,0,0,0,0,0,0,0,0,0,0,0,0,0,0,0,0,0,0,0,0,0,0,0,0,0,0,0,0,0,0,0,0,0,0,0,0,0,0,0,0,0,0,0,0,0,0,0,0,0,0,0,0,0,0,0,0,0,0,0,0,0,0,0,0,0,0,0,0,0,0,0,0,0,0,0,0,0,0,0,0,0,0,0,0,0,0,0,0,0,0,0,0,5,3,5,4,0,1,7,5,6,7,4,5,0
Economics and adoption of conservation biological control,"Cullen, Ross; Warner, Keith D.; Jonsson, Mattias; Wratten, Steve D.",,,,BIOLOGICAL CONTROL,May-08,2008,45,2,,,,272,280,,10.1016/j.biocontrol.2008.01.016,,,51,5.1,0,0,0,0,0,0,0,0,0,0,0,0,0,0,0,0,0,0,0,0,0,0,0,0,0,0,0,0,0,0,0,0,0,0,0,0,0,0,0,0,0,0,0,0,0,0,0,0,0,0,0,0,0,0,0,0,0,0,0,0,0,0,0,0,0,0,0,0,0,0,0,0,0,0,0,0,0,0,0,0,0,0,0,0,0,0,0,0,0,0,0,0,0,0,0,0,0,0,0,0,0,0,0,0,0,0,0,0,1,0,6,10,5,4,3,10,4,8,0
Evaluating cost-effectiveness of conservation management actions in an agricultural landscape on a regional scale,"Holzkaemper, Annelie; Seppelt, Ralf",,,,BIOLOGICAL CONSERVATION,Apr-07,2007,136,1,,,,117,127,,10.1016/j.biocon.2006.11.011,,,51,4.64,0,0,0,0,0,0,0,0,0,0,0,0,0,0,0,0,0,0,0,0,0,0,0,0,0,0,0,0,0,0,0,0,0,0,0,0,0,0,0,0,0,0,0,0,0,0,0,0,0,0,0,0,0,0,0,0,0,0,0,0,0,0,0,0,0,0,0,0,0,0,0,0,0,0,0,0,0,0,0,0,0,0,0,0,0,0,0,0,0,0,0,0,0,0,0,0,0,0,0,0,0,0,0,0,0,0,0,3,4,3,5,8,2,7,9,4,4,2,0
Policy analysis for tropical marine reserves: challenges and directions,"Rudd, MA; Tupper, MH; Folmer, H; van Kooten, GC",,,,FISH AND FISHERIES,Mar-03,2003,4,1,,,,65,85,,10.1046/j.1467-2979.2003.00110.x,Conference on Putting Fishers Knowledge to Work,"AUG 27-30, 2001",44,2.93,0,0,0,0,0,0,0,0,0,0,0,0,0,0,0,0,0,0,0,0,0,0,0,0,0,0,0,0,0,0,0,0,0,0,0,0,0,0,0,0,0,0,0,0,0,0,0,0,0,0,0,0,0,0,0,0,0,0,0,0,0,0,0,0,0,0,0,0,0,0,0,0,0,0,0,0,0,0,0,0,0,0,0,0,0,0,0,0,0,0,0,0,0,0,0,0,0,0,0,0,0,0,0,0,2,4,5,3,2,4,3,4,1,3,4,6,1,2,0
Benefits of Investing in Ecosystem Restoration,"De Groot, Rudolf S.; Blignaut, James; van der Ploeg, Sander; Aronson, James; Elmqvist, Thomas; Farley, Joshua",,,,CONSERVATION BIOLOGY,Dec-13,2013,27,6,,,,1286,1293,,10.1111/cobi.12158,,,43,8.6,0,0,0,0,0,0,0,0,0,0,0,0,0,0,0,0,0,0,0,0,0,0,0,0,0,0,0,0,0,0,0,0,0,0,0,0,0,0,0,0,0,0,0,0,0,0,0,0,0,0,0,0,0,0,0,0,0,0,0,0,0,0,0,0,0,0,0,0,0,0,0,0,0,0,0,0,0,0,0,0,0,0,0,0,0,0,0,0,0,0,0,0,0,0,0,0,0,0,0,0,0,0,0,0,0,0,0,0,0,0,0,0,0,0,8,13,10,12,0
"Linking Ecosystem Services, Rehabilitation, and River Hydrogeomorphology","Thorp, James H.; Flotemersch, Joseph E.; Delong, Michael D.; Casper, Andrew F.; Thoms, Martin C.; Ballantyne, Ford; Williams, Bradley S.; O'Neill, Brian J.; Haase, C. Stephen",,,,BIOSCIENCE,Jan-10,2010,60,1,,,,67,74,,10.1525/bio.2010.60.1.11,,,42,5.25,0,0,0,0,0,0,0,0,0,0,0,0,0,0,0,0,0,0,0,0,0,0,0,0,0,0,0,0,0,0,0,0,0,0,0,0,0,0,0,0,0,0,0,0,0,0,0,0,0,0,0,0,0,0,0,0,0,0,0,0,0,0,0,0,0,0,0,0,0,0,0,0,0,0,0,0,0,0,0,0,0,0,0,0,0,0,0,0,0,0,0,0,0,0,0,0,0,0,0,0,0,0,0,0,0,0,0,0,0,0,1,1,6,10,7,8,5,4,0
Fostering synergies between ecosystem services and biodiversity in conservation planning: A review,"Cimon-Morin, Jerome; Darveau, Marcel; Poulin, Monique",,,,BIOLOGICAL CONSERVATION,Oct-13,2013,166,,,,,144,154,,10.1016/j.biocon.2013.06.023,,,40,8,0,0,0,0,0,0,0,0,0,0,0,0,0,0,0,0,0,0,0,0,0,0,0,0,0,0,0,0,0,0,0,0,0,0,0,0,0,0,0,0,0,0,0,0,0,0,0,0,0,0,0,0,0,0,0,0,0,0,0,0,0,0,0,0,0,0,0,0,0,0,0,0,0,0,0,0,0,0,0,0,0,0,0,0,0,0,0,0,0,0,0,0,0,0,0,0,0,0,0,0,0,0,0,0,0,0,0,0,0,0,0,0,0,0,6,5,14,15,0
"Dispersal patterns among three species of squirrel monkeys (Saimiri oerstedii, S-boliviensis and S-sciureus): I. Divergent costs and benefits","Boinski, S; Kauffman, L; Ehmke, E; Schet, S; Vreedzaam, A",,,,BEHAVIOUR,May-05,2005,142,,5,,,525,632,,10.1163/1568539054352888,,,38,2.92,0,0,0,0,0,0,0,0,0,0,0,0,0,0,0,0,0,0,0,0,0,0,0,0,0,0,0,0,0,0,0,0,0,0,0,0,0,0,0,0,0,0,0,0,0,0,0,0,0,0,0,0,0,0,0,0,0,0,0,0,0,0,0,0,0,0,0,0,0,0,0,0,0,0,0,0,0,0,0,0,0,0,0,0,0,0,0,0,0,0,0,0,0,0,0,0,0,0,0,0,0,0,0,0,0,1,2,0,2,8,5,4,4,2,4,4,1,1,0
Comparative assessment of agri-environment programmes in federal states of Germany,"Marggraf, R",,,,AGRICULTURE ECOSYSTEMS & ENVIRONMENT,Sep-03,2003,98,1-Mar,,,,507,516,,10.1016/S0167-8809(03)00109-9,,,37,2.47,0,0,0,0,0,0,0,0,0,0,0,0,0,0,0,0,0,0,0,0,0,0,0,0,0,0,0,0,0,0,0,0,0,0,0,0,0,0,0,0,0,0,0,0,0,0,0,0,0,0,0,0,0,0,0,0,0,0,0,0,0,0,0,0,0,0,0,0,0,0,0,0,0,0,0,0,0,0,0,0,0,0,0,0,0,0,0,0,0,0,0,0,0,0,0,0,0,0,0,0,0,0,0,2,1,3,1,1,5,3,2,3,2,5,2,3,2,2,0
Managing Nordic boreal forest landscapes for biodiversity: ecological and economic perspectives,"Monkkonen, M",,,,BIODIVERSITY AND CONSERVATION,Jan-99,1999,8,1,,,,85,99,,10.1023/A:1008813225086,,,34,1.79,0,0,0,0,0,0,0,0,0,0,0,0,0,0,0,0,0,0,0,0,0,0,0,0,0,0,0,0,0,0,0,0,0,0,0,0,0,0,0,0,0,0,0,0,0,0,0,0,0,0,0,0,0,0,0,0,0,0,0,0,0,0,0,0,0,0,0,0,0,0,0,0,0,0,0,0,0,0,0,0,0,0,0,0,0,0,0,0,0,0,0,0,0,0,0,0,0,0,0,0,1,2,2,4,2,0,4,2,2,1,2,3,0,1,0,2,2,4,0
Cost-benefit analysis of the leisure value of urban greening in the new Chinese city of Zhuhai,"Chen, Wendy Y.; Jim, C. Y.",,,,CITIES,Oct-08,2008,25,5,,,,298,309,,10.1016/j.cities.2008.06.002,,,33,3.3,0,0,0,0,0,0,0,0,0,0,0,0,0,0,0,0,0,0,0,0,0,0,0,0,0,0,0,0,0,0,0,0,0,0,0,0,0,0,0,0,0,0,0,0,0,0,0,0,0,0,0,0,0,0,0,0,0,0,0,0,0,0,0,0,0,0,0,0,0,0,0,0,0,0,0,0,0,0,0,0,0,0,0,0,0,0,0,0,0,0,0,0,0,0,0,0,0,0,0,0,0,0,0,0,0,0,0,0,0,1,3,5,4,2,4,7,3,4,0
Integrating ecological uncertainty and farm-scale economics when planning restoration,"Dorrough, Josh; Vesk, Peter A.; Moll, Jim",,,,JOURNAL OF APPLIED ECOLOGY,Feb-08,2008,45,1,,,,288,295,,10.1111/j.1365-2664.2007.01420.x,,,33,3.3,0,0,0,0,0,0,0,0,0,0,0,0,0,0,0,0,0,0,0,0,0,0,0,0,0,0,0,0,0,0,0,0,0,0,0,0,0,0,0,0,0,0,0,0,0,0,0,0,0,0,0,0,0,0,0,0,0,0,0,0,0,0,0,0,0,0,0,0,0,0,0,0,0,0,0,0,0,0,0,0,0,0,0,0,0,0,0,0,0,0,0,0,0,0,0,0,0,0,0,0,0,0,0,0,0,0,0,0,1,6,5,4,5,2,5,3,1,1,0
Does it make economic sense to restore rivers for their ecosystem services?,"Acuna, Vicenc; Ramon Diez, Jose; Flores, Lorea; Meleason, Mark; Elosegi, Arturo",,,,JOURNAL OF APPLIED ECOLOGY,Aug-13,2013,50,4,,,,988,997,,10.1111/1365-2664.12107,,,32,6.4,0,0,0,0,0,0,0,0,0,0,0,0,0,0,0,0,0,0,0,0,0,0,0,0,0,0,0,0,0,0,0,0,0,0,0,0,0,0,0,0,0,0,0,0,0,0,0,0,0,0,0,0,0,0,0,0,0,0,0,0,0,0,0,0,0,0,0,0,0,0,0,0,0,0,0,0,0,0,0,0,0,0,0,0,0,0,0,0,0,0,0,0,0,0,0,0,0,0,0,0,0,0,0,0,0,0,0,0,0,0,0,0,0,1,3,9,12,7,0
The questionable effectiveness of science spending by international conservation organizations in the tropics,"Cleary, D",,,,CONSERVATION BIOLOGY,Jun-06,2006,20,3,,,,733,738,,10.1111/j.1523-1739.2006.00413.x,,,31,2.58,0,0,0,0,0,0,0,0,0,0,0,0,0,0,0,0,0,0,0,0,0,0,0,0,0,0,0,0,0,0,0,0,0,0,0,0,0,0,0,0,0,0,0,0,0,0,0,0,0,0,0,0,0,0,0,0,0,0,0,0,0,0,0,0,0,0,0,0,0,0,0,0,0,0,0,0,0,0,0,0,0,0,0,0,0,0,0,0,0,0,0,0,0,0,0,0,0,0,0,0,0,0,0,0,0,0,2,3,5,3,4,3,3,2,4,0,1,1,0
Policies for saving a rare Australian glider: economics and ecology,"Tisdell, C; Wilson, C; Swarna Nantha, H",,,,BIOLOGICAL CONSERVATION,May-05,2005,123,2,,,,237,248,,10.1016/j.biocon.2004.11.012,,,29,2.23,0,0,0,0,0,0,0,0,0,0,0,0,0,0,0,0,0,0,0,0,0,0,0,0,0,0,0,0,0,0,0,0,0,0,0,0,0,0,0,0,0,0,0,0,0,0,0,0,0,0,0,0,0,0,0,0,0,0,0,0,0,0,0,0,0,0,0,0,0,0,0,0,0,0,0,0,0,0,0,0,0,0,0,0,0,0,0,0,0,0,0,0,0,0,0,0,0,0,0,0,0,0,0,0,0,1,1,8,4,2,2,2,4,1,3,0,0,1,0
Realizing the Potential of Ecosystem Services: A Framework for Relating Ecological Changes to Economic Benefits,"Wainger, Lisa; Mazzotta, Marisa",,,,ENVIRONMENTAL MANAGEMENT,Oct-11,2011,48,4,,,,710,733,,10.1007/s00267-011-9726-0,,,28,4,0,0,0,0,0,0,0,0,0,0,0,0,0,0,0,0,0,0,0,0,0,0,0,0,0,0,0,0,0,0,0,0,0,0,0,0,0,0,0,0,0,0,0,0,0,0,0,0,0,0,0,0,0,0,0,0,0,0,0,0,0,0,0,0,0,0,0,0,0,0,0,0,0,0,0,0,0,0,0,0,0,0,0,0,0,0,0,0,0,0,0,0,0,0,0,0,0,0,0,0,0,0,0,0,0,0,0,0,0,0,0,0,1,3,5,9,5,5,0
Ecological structure and functions of biodiversity as elements of its total economic value,"Fromm, O",,,,ENVIRONMENTAL & RESOURCE ECONOMICS,Jul-00,2000,16,3,,,,303,328,,10.1023/A:1008359022814,,,27,1.5,0,0,0,0,0,0,0,0,0,0,0,0,0,0,0,0,0,0,0,0,0,0,0,0,0,0,0,0,0,0,0,0,0,0,0,0,0,0,0,0,0,0,0,0,0,0,0,0,0,0,0,0,0,0,0,0,0,0,0,0,0,0,0,0,0,0,0,0,0,0,0,0,0,0,0,0,0,0,0,0,0,0,0,0,0,0,0,0,0,0,0,0,0,0,0,0,0,0,0,0,0,1,0,0,2,1,1,3,3,3,3,0,1,4,1,1,2,1,0
Rapid evaluation of metapopulation persistence in highly variegated landscapes,"Drielsma, Michael; Ferrier, Simon",,,,BIOLOGICAL CONSERVATION,Mar-09,2009,142,3,,,,529,540,,10.1016/j.biocon.2008.11.018,,,25,2.78,0,0,0,0,0,0,0,0,0,0,0,0,0,0,0,0,0,0,0,0,0,0,0,0,0,0,0,0,0,0,0,0,0,0,0,0,0,0,0,0,0,0,0,0,0,0,0,0,0,0,0,0,0,0,0,0,0,0,0,0,0,0,0,0,0,0,0,0,0,0,0,0,0,0,0,0,0,0,0,0,0,0,0,0,0,0,0,0,0,0,0,0,0,0,0,0,0,0,0,0,0,0,0,0,0,0,0,0,0,2,4,2,1,3,4,0,6,3,0
Uncertainty in discount models and environmental accounting,"Ludwig, D; Brock, WA; Carpenter, SR",,,,ECOLOGY AND SOCIETY,Dec-05,2005,10,2,,,,,,13,,,,24,1.85,0,0,0,0,0,0,0,0,0,0,0,0,0,0,0,0,0,0,0,0,0,0,0,0,0,0,0,0,0,0,0,0,0,0,0,0,0,0,0,0,0,0,0,0,0,0,0,0,0,0,0,0,0,0,0,0,0,0,0,0,0,0,0,0,0,0,0,0,0,0,0,0,0,0,0,0,0,0,0,0,0,0,0,0,0,0,0,0,0,0,0,0,0,0,0,0,0,0,0,0,0,0,0,0,0,2,1,1,3,4,0,1,1,1,2,4,1,3,0
Cost-benefit analysis of ecological networks assessed through spatial analysis of ecosystem services,"Newton, Adrian C.; Hodder, Kathy; Cantarello, Elena; Perrella, Lorretta; Birch, Jennifer C.; Robins, James; Douglas, Sarah; Moody, Christopher; Cordingley, Justine",,,,JOURNAL OF APPLIED ECOLOGY,Jun-12,2012,49,3,,,,571,580,,10.1111/j.1365-2664.2012.02140.x,,,23,3.83,0,0,0,0,0,0,0,0,0,0,0,0,0,0,0,0,0,0,0,0,0,0,0,0,0,0,0,0,0,0,0,0,0,0,0,0,0,0,0,0,0,0,0,0,0,0,0,0,0,0,0,0,0,0,0,0,0,0,0,0,0,0,0,0,0,0,0,0,0,0,0,0,0,0,0,0,0,0,0,0,0,0,0,0,0,0,0,0,0,0,0,0,0,0,0,0,0,0,0,0,0,0,0,0,0,0,0,0,0,0,0,0,2,4,3,8,3,3,0
Resident Motivations and Willingness-to-Pay for Urban Biodiversity Conservation in Guangzhou (China),"Chen, Wendy Y.; Jim, C. Y.",,,,ENVIRONMENTAL MANAGEMENT,May-10,2010,45,5,,,,1052,1064,,10.1007/s00267-010-9478-2,,,21,2.62,0,0,0,0,0,0,0,0,0,0,0,0,0,0,0,0,0,0,0,0,0,0,0,0,0,0,0,0,0,0,0,0,0,0,0,0,0,0,0,0,0,0,0,0,0,0,0,0,0,0,0,0,0,0,0,0,0,0,0,0,0,0,0,0,0,0,0,0,0,0,0,0,0,0,0,0,0,0,0,0,0,0,0,0,0,0,0,0,0,0,0,0,0,0,0,0,0,0,0,0,0,0,0,0,0,0,0,0,0,0,0,1,7,3,2,5,2,1,0
Evaluation of nature conservation - An application to the Dutch Ecological Network,"Strijker, D; Sijtsma, FJ; Wiersma, D",,,,ENVIRONMENTAL & RESOURCE ECONOMICS,Aug-00,2000,16,4,,,,363,378,,10.1023/A:1008344604392,,,20,1.11,0,0,0,0,0,0,0,0,0,0,0,0,0,0,0,0,0,0,0,0,0,0,0,0,0,0,0,0,0,0,0,0,0,0,0,0,0,0,0,0,0,0,0,0,0,0,0,0,0,0,0,0,0,0,0,0,0,0,0,0,0,0,0,0,0,0,0,0,0,0,0,0,0,0,0,0,0,0,0,0,0,0,0,0,0,0,0,0,0,0,0,0,0,0,0,0,0,0,0,0,0,0,0,2,0,5,1,1,1,1,1,2,1,1,1,2,1,0,0
An ex ante ecological economic assessment of the benefits arising from marine protected areas designation in the UK,"Hussain, S. Salman; Winrow-Giffin, Alexandra; Moran, Dominic; Robinson, Leonie A.; Fofana, Abdulai; Paramor, Odette A. L.; Frid, Chris L. J.",,,,ECOLOGICAL ECONOMICS,FEB 15 2010,2010,69,4,,,,828,838,,10.1016/j.ecolecon.2009.10.007,,,17,2.12,0,0,0,0,0,0,0,0,0,0,0,0,0,0,0,0,0,0,0,0,0,0,0,0,0,0,0,0,0,0,0,0,0,0,0,0,0,0,0,0,0,0,0,0,0,0,0,0,0,0,0,0,0,0,0,0,0,0,0,0,0,0,0,0,0,0,0,0,0,0,0,0,0,0,0,0,0,0,0,0,0,0,0,0,0,0,0,0,0,0,0,0,0,0,0,0,0,0,0,0,0,0,0,0,0,0,0,0,0,0,1,1,0,3,6,3,1,2,0
An attribute-based approach to contingent valuation of forest protection programs,"Moore, Christopher C.; Holmes, Thomas P.; Bell, Kathleen P.",,,,JOURNAL OF FOREST ECONOMICS,2011,2011,17,1,,,,35,52,,10.1016/j.jfe.2010.09.001,,,16,2.29,0,0,0,0,0,0,0,0,0,0,0,0,0,0,0,0,0,0,0,0,0,0,0,0,0,0,0,0,0,0,0,0,0,0,0,0,0,0,0,0,0,0,0,0,0,0,0,0,0,0,0,0,0,0,0,0,0,0,0,0,0,0,0,0,0,0,0,0,0,0,0,0,0,0,0,0,0,0,0,0,0,0,0,0,0,0,0,0,0,0,0,0,0,0,0,0,0,0,0,0,0,0,0,0,0,0,0,0,0,0,0,1,1,2,2,2,5,3,0
Hair-trap efficacy for detecting mammalian carnivores in the tropics,"Castro-Arellano, Ivan; Madrid-Luna, Carmina; Lacher, Thomas E., Jr.; Leon-Paniagua, Livia",,,,JOURNAL OF WILDLIFE MANAGEMENT,Aug-08,2008,72,6,,,,1405,1412,,10.2193/2007-476,,,16,1.6,0,0,0,0,0,0,0,0,0,0,0,0,0,0,0,0,0,0,0,0,0,0,0,0,0,0,0,0,0,0,0,0,0,0,0,0,0,0,0,0,0,0,0,0,0,0,0,0,0,0,0,0,0,0,0,0,0,0,0,0,0,0,0,0,0,0,0,0,0,0,0,0,0,0,0,0,0,0,0,0,0,0,0,0,0,0,0,0,0,0,0,0,0,0,0,0,0,0,0,0,0,0,0,0,0,0,0,0,0,0,1,1,2,4,3,1,4,0,0
Computing payment for ecosystem services in watersheds: An analysis of the Middle Route Project of South-to-North Water Diversion in China,"Dong, Zhengju; Yan, Yan; Duan, Jing; Fu, Xiao; Zhou, Qingrong; Huang, Xiang; Zhu, Xiangen; Zhao, Jingzhu",,,,JOURNAL OF ENVIRONMENTAL SCIENCES,2011,2011,23,12,,,,2005,2012,,10.1016/S1001-0742(10)60663-8,,,15,2.14,0,0,0,0,0,0,0,0,0,0,0,0,0,0,0,0,0,0,0,0,0,0,0,0,0,0,0,0,0,0,0,0,0,0,0,0,0,0,0,0,0,0,0,0,0,0,0,0,0,0,0,0,0,0,0,0,0,0,0,0,0,0,0,0,0,0,0,0,0,0,0,0,0,0,0,0,0,0,0,0,0,0,0,0,0,0,0,0,0,0,0,0,0,0,0,0,0,0,0,0,0,0,0,0,0,0,0,0,0,0,0,0,2,2,1,1,6,3,0
ETHICS AND ECONOMICS OF CONSERVATION,"HAMPICKE, U",,,,BIOLOGICAL CONSERVATION,1994,1994,67,3,,,,219,231,,10.1016/0006-3207(94)90613-0,,,15,0.62,0,0,0,0,0,0,0,0,0,0,0,0,0,0,0,0,0,0,0,0,0,0,0,0,0,0,0,0,0,0,0,0,0,0,0,0,0,0,0,0,0,0,0,0,0,0,0,0,0,0,0,0,0,0,0,0,0,0,0,0,0,0,0,0,0,0,0,0,0,0,0,0,0,0,0,0,0,0,0,0,0,0,0,0,0,0,0,0,0,0,0,0,0,0,0,0,0,0,1,1,0,0,2,1,1,0,3,1,1,0,0,0,1,1,1,1,0,0,0
Toward consilience between biology and economics: the contribution of Ecological Economics,"Gowdy, JM; Carbonell, AF",,,,ECOLOGICAL ECONOMICS,Jun-99,1999,29,3,,,,337,348,,10.1016/S0921-8009(99)00035-X,,,14,0.74,0,0,0,0,0,0,0,0,0,0,0,0,0,0,0,0,0,0,0,0,0,0,0,0,0,0,0,0,0,0,0,0,0,0,0,0,0,0,0,0,0,0,0,0,0,0,0,0,0,0,0,0,0,0,0,0,0,0,0,0,0,0,0,0,0,0,0,0,0,0,0,0,0,0,0,0,0,0,0,0,0,0,0,0,0,0,0,0,0,0,0,0,0,0,0,0,0,0,0,0,1,3,1,0,3,0,0,0,1,0,1,1,0,1,0,1,0,1,0
Increased Disease Calls for a Cost-Benefits Review of Marine Reserves,"Wootton, Emma C.; Woolmer, Andrew P.; Vogan, Claire L.; Pope, Edward C.; Hamilton, Kristina M.; Rowley, Andrew F.",,,,PLOS ONE,DEC 11 2012,2012,7,12,,,,,,e51615,10.1371/journal.pone.0051615,,,13,2.17,0,0,0,0,0,0,0,0,0,0,0,0,0,0,0,0,0,0,0,0,0,0,0,0,0,0,0,0,0,0,0,0,0,0,0,0,0,0,0,0,0,0,0,0,0,0,0,0,0,0,0,0,0,0,0,0,0,0,0,0,0,0,0,0,0,0,0,0,0,0,0,0,0,0,0,0,0,0,0,0,0,0,0,0,0,0,0,0,0,0,0,0,0,0,0,0,0,0,0,0,0,0,0,0,0,0,0,0,0,0,0,0,0,0,5,5,1,2,0
Comparison and cost-benefit analysis of PIT tag antennae resighting and seine-net recapture techniques for survival analysis of an estuarine-dependent fish,"Barbour, Andrew B.; Adams, Aaron J.; Yess, Tanner; Behringer, Donald C.; Wolfe, R. Kirby",,,,FISHERIES RESEARCH,Jun-12,2012,121,,,,,153,160,,10.1016/j.fishres.2012.01.013,,,13,2.17,0,0,0,0,0,0,0,0,0,0,0,0,0,0,0,0,0,0,0,0,0,0,0,0,0,0,0,0,0,0,0,0,0,0,0,0,0,0,0,0,0,0,0,0,0,0,0,0,0,0,0,0,0,0,0,0,0,0,0,0,0,0,0,0,0,0,0,0,0,0,0,0,0,0,0,0,0,0,0,0,0,0,0,0,0,0,0,0,0,0,0,0,0,0,0,0,0,0,0,0,0,0,0,0,0,0,0,0,0,0,0,0,2,1,5,0,3,2,0
A method for comparing effectiveness of research techniques in conservation and applied ecology,"Franco, A. M. A.; Palmeirim, J. M.; Sutherland, W. J.",,,,BIOLOGICAL CONSERVATION,Jan-07,2007,134,1,,,,96,105,,10.1016/j.biocon.2006.08.008,,,12,1.09,0,0,0,0,0,0,0,0,0,0,0,0,0,0,0,0,0,0,0,0,0,0,0,0,0,0,0,0,0,0,0,0,0,0,0,0,0,0,0,0,0,0,0,0,0,0,0,0,0,0,0,0,0,0,0,0,0,0,0,0,0,0,0,0,0,0,0,0,0,0,0,0,0,0,0,0,0,0,0,0,0,0,0,0,0,0,0,0,0,0,0,0,0,0,0,0,0,0,0,0,0,0,0,0,0,0,0,0,3,1,4,1,1,0,1,1,0,0,0
Impacts of conservation and human development policy across stakeholders and scales,"Li, Cong; Zheng, Hua; Li, Shuzhuo; Chen, Xiaoshu; Li, Jie; Zeng, Weihong; Liang, Yicheng; Polasky, Stephen; Feldman, Marcus W.; Ruckelshaus, Mary; Ouyang, Zhiyun; Daily, Gretchen C.",,,,PROCEEDINGS OF THE NATIONAL ACADEMY OF SCIENCES OF THE UNITED STATES OF AMERICA,JUN 16 2015,2015,112,24,,,,7396,7401,,10.1073/pnas.1406486112,,,11,3.67,0,0,0,0,0,0,0,0,0,0,0,0,0,0,0,0,0,0,0,0,0,0,0,0,0,0,0,0,0,0,0,0,0,0,0,0,0,0,0,0,0,0,0,0,0,0,0,0,0,0,0,0,0,0,0,0,0,0,0,0,0,0,0,0,0,0,0,0,0,0,0,0,0,0,0,0,0,0,0,0,0,0,0,0,0,0,0,0,0,0,0,0,0,0,0,0,0,0,0,0,0,0,0,0,0,0,0,0,0,0,0,0,0,0,0,1,2,8,0
"Social cost-benefit analysis of a Watershed Development Project in Karnataka, India","Ninan, KN; Lakshmikanthamma, S",,,,AMBIO,May-01,2001,30,3,,,,157,161,,10.1639/0044-7447(2001)030[0157:SCBAOA]2.0.CO;2,,,11,0.65,0,0,0,0,0,0,0,0,0,0,0,0,0,0,0,0,0,0,0,0,0,0,0,0,0,0,0,0,0,0,0,0,0,0,0,0,0,0,0,0,0,0,0,0,0,0,0,0,0,0,0,0,0,0,0,0,0,0,0,0,0,0,0,0,0,0,0,0,0,0,0,0,0,0,0,0,0,0,0,0,0,0,0,0,0,0,0,0,0,0,0,0,0,0,0,0,0,0,0,0,0,0,1,0,0,0,0,0,1,1,0,1,0,2,1,2,0,2,0
Paradigms for parasite conservation,"Dougherty, Eric R.; Carlson, Colin J.; Bueno, Veronica M.; Burgio, Kevin R.; Cizauskas, Carrie A.; Clements, Christopher F.; Seidel, Dana P.; Harris, Nyeema C.",,,,CONSERVATION BIOLOGY,Aug-16,2016,30,4,,,,724,733,,10.1111/cobi.12634,,,10,5,0,0,0,0,0,0,0,0,0,0,0,0,0,0,0,0,0,0,0,0,0,0,0,0,0,0,0,0,0,0,0,0,0,0,0,0,0,0,0,0,0,0,0,0,0,0,0,0,0,0,0,0,0,0,0,0,0,0,0,0,0,0,0,0,0,0,0,0,0,0,0,0,0,0,0,0,0,0,0,0,0,0,0,0,0,0,0,0,0,0,0,0,0,0,0,0,0,0,0,0,0,0,0,0,0,0,0,0,0,0,0,0,0,0,0,0,2,8,0
Cost-benefit analysis of the Dutch nature policy: Transaction costs and land market impacts,"Jongeneel, Roel; Polman, Nico; Slangen, Louis",,,,LAND USE POLICY,Oct-12,2012,29,4,,,,827,836,,10.1016/j.landusepol.2011.12.010,,,10,1.67,0,0,0,0,0,0,0,0,0,0,0,0,0,0,0,0,0,0,0,0,0,0,0,0,0,0,0,0,0,0,0,0,0,0,0,0,0,0,0,0,0,0,0,0,0,0,0,0,0,0,0,0,0,0,0,0,0,0,0,0,0,0,0,0,0,0,0,0,0,0,0,0,0,0,0,0,0,0,0,0,0,0,0,0,0,0,0,0,0,0,0,0,0,0,0,0,0,0,0,0,0,0,0,0,0,0,0,0,0,0,0,0,0,2,3,2,2,1,0
"Plant invasions, restoration, and economics: Perspectives from South African fynbos","Gaertner, Mirijam; Nottebrock, Henning; Fourie, Helanya; Privett, Sean D. J.; Richardson, David M.",,,,PERSPECTIVES IN PLANT ECOLOGY EVOLUTION AND SYSTEMATICS,2012,2012,14,5,,,,341,353,,10.1016/j.ppees.2012.05.001,,,10,1.67,0,0,0,0,0,0,0,0,0,0,0,0,0,0,0,0,0,0,0,0,0,0,0,0,0,0,0,0,0,0,0,0,0,0,0,0,0,0,0,0,0,0,0,0,0,0,0,0,0,0,0,0,0,0,0,0,0,0,0,0,0,0,0,0,0,0,0,0,0,0,0,0,0,0,0,0,0,0,0,0,0,0,0,0,0,0,0,0,0,0,0,0,0,0,0,0,0,0,0,0,0,0,0,0,0,0,0,0,0,0,0,0,0,0,3,1,2,4,0
Modelling pesticide risk: A marginal cost-benefit analysis of an environmental buffer-zone programme,"Sieber, Stefan; Pannell, David; Mueller, Klaus; Holm-Mueller, Karin; Kreins, Peter; Gutsche, Volkmar",,,,LAND USE POLICY,Apr-10,2010,27,2,,,,653,661,,10.1016/j.landusepol.2009.08.021,,,10,1.25,0,0,0,0,0,0,0,0,0,0,0,0,0,0,0,0,0,0,0,0,0,0,0,0,0,0,0,0,0,0,0,0,0,0,0,0,0,0,0,0,0,0,0,0,0,0,0,0,0,0,0,0,0,0,0,0,0,0,0,0,0,0,0,0,0,0,0,0,0,0,0,0,0,0,0,0,0,0,0,0,0,0,0,0,0,0,0,0,0,0,0,0,0,0,0,0,0,0,0,0,0,0,0,0,0,0,0,0,0,0,0,1,2,1,3,0,2,1,0
Reconsidering agri-environmental policy permitted by the Uruguay round agreement,"Edwards, G; Fraser, I",,,,ECOLOGICAL ECONOMICS,May-01,2001,37,2,,,,313,326,,10.1016/S0921-8009(00)00289-5,,,10,0.59,0,0,0,0,0,0,0,0,0,0,0,0,0,0,0,0,0,0,0,0,0,0,0,0,0,0,0,0,0,0,0,0,0,0,0,0,0,0,0,0,0,0,0,0,0,0,0,0,0,0,0,0,0,0,0,0,0,0,0,0,0,0,0,0,0,0,0,0,0,0,0,0,0,0,0,0,0,0,0,0,0,0,0,0,0,0,0,0,0,0,0,0,0,0,0,0,0,0,0,0,0,0,0,0,1,0,0,2,1,0,0,1,1,3,0,1,0,0,0
Cost-benefit analysis of riparian protection in an eastern Canadian watershed,"Trenholm, Ryan; Lantz, Van; Martinez-Espineira, Roberto; Little, Shawn",,,,JOURNAL OF ENVIRONMENTAL MANAGEMENT,FEB 15 2013,2013,116,,,,,81,94,,10.1016/j.jenvman.2012.11.039,,,9,1.8,0,0,0,0,0,0,0,0,0,0,0,0,0,0,0,0,0,0,0,0,0,0,0,0,0,0,0,0,0,0,0,0,0,0,0,0,0,0,0,0,0,0,0,0,0,0,0,0,0,0,0,0,0,0,0,0,0,0,0,0,0,0,0,0,0,0,0,0,0,0,0,0,0,0,0,0,0,0,0,0,0,0,0,0,0,0,0,0,0,0,0,0,0,0,0,0,0,0,0,0,0,0,0,0,0,0,0,0,0,0,0,0,0,0,2,2,2,3,0
A thematic cost-benefit analysis of a marine protected area,"Rees, Sian E.; Attrill, Martin J.; Austen, Melanie C.; Mangi, Stephen C.; Rodwell, Lynda D.",,,,JOURNAL OF ENVIRONMENTAL MANAGEMENT,JAN 15 2013,2013,114,,,,,476,485,,10.1016/j.jenvman.2012.10.048,,,9,1.8,0,0,0,0,0,0,0,0,0,0,0,0,0,0,0,0,0,0,0,0,0,0,0,0,0,0,0,0,0,0,0,0,0,0,0,0,0,0,0,0,0,0,0,0,0,0,0,0,0,0,0,0,0,0,0,0,0,0,0,0,0,0,0,0,0,0,0,0,0,0,0,0,0,0,0,0,0,0,0,0,0,0,0,0,0,0,0,0,0,0,0,0,0,0,0,0,0,0,0,0,0,0,0,0,0,0,0,0,0,0,0,0,0,1,1,3,3,1,0
Fishery externalities and biodiversity: Trade-offs between the viability of shrimp trawling and the conservation of Frigatebirds in French Guiana,"Martinet, Vincent; Blanchard, Fabian",,,,ECOLOGICAL ECONOMICS,OCT 15 2009,2009,68,12,,,,2960,2968,,10.1016/j.ecolecon.2009.06.012,,,9,1,0,0,0,0,0,0,0,0,0,0,0,0,0,0,0,0,0,0,0,0,0,0,0,0,0,0,0,0,0,0,0,0,0,0,0,0,0,0,0,0,0,0,0,0,0,0,0,0,0,0,0,0,0,0,0,0,0,0,0,0,0,0,0,0,0,0,0,0,0,0,0,0,0,0,0,0,0,0,0,0,0,0,0,0,0,0,0,0,0,0,0,0,0,0,0,0,0,0,0,0,0,0,0,0,0,0,0,0,0,0,0,0,0,1,3,0,2,3,0
ENRICHMENT PLANTING IN SELECTIVELY LOGGED RAIN-FOREST - A COMBINED ECOLOGICAL AND ECONOMIC-ANALYSIS,"SCHULZE, PC; LEIGHTON, M; PEART, DR",,,,ECOLOGICAL APPLICATIONS,Aug-94,1994,4,3,,,,581,592,,10.2307/1941959,,,9,0.38,0,0,0,0,0,0,0,0,0,0,0,0,0,0,0,0,0,0,0,0,0,0,0,0,0,0,0,0,0,0,0,0,0,0,0,0,0,0,0,0,0,0,0,0,0,0,0,0,0,0,0,0,0,0,0,0,0,0,0,0,0,0,0,0,0,0,0,0,0,0,0,0,0,0,0,0,0,0,0,0,0,0,0,0,0,0,0,0,0,0,0,0,0,0,0,0,0,2,0,1,0,2,0,0,0,0,1,0,1,1,0,0,0,0,0,0,1,0,0
"Pollinators, pests, and predators: Recognizing ecological trade-offs in agroecosystems","Saunders, Manu E.; Peisley, Rebecca K.; Rader, Romina; Luck, Gary W.",,,,AMBIO,Feb-16,2016,45,1,,,,4,14,,10.1007/s13280-015-0696-y,,,8,4,0,0,0,0,0,0,0,0,0,0,0,0,0,0,0,0,0,0,0,0,0,0,0,0,0,0,0,0,0,0,0,0,0,0,0,0,0,0,0,0,0,0,0,0,0,0,0,0,0,0,0,0,0,0,0,0,0,0,0,0,0,0,0,0,0,0,0,0,0,0,0,0,0,0,0,0,0,0,0,0,0,0,0,0,0,0,0,0,0,0,0,0,0,0,0,0,0,0,0,0,0,0,0,0,0,0,0,0,0,0,0,0,0,0,0,0,5,3,0
Priority threat management of invasive animals to protect biodiversity under climate change,"Firn, Jennifer; Maggini, Ramona; Chades, Iadine; Nicol, Sam; Walters, Belinda; Reeson, Andy; Martin, Tara G.; Possingham, Hugh P.; Pichancourt, Jean-Baptiste; Ponce-Reyes, Rocio; Carwardine, Josie",,,,GLOBAL CHANGE BIOLOGY,Nov-15,2015,21,11,,,,3917,3930,,10.1111/gcb.13034,,,8,2.67,0,0,0,0,0,0,0,0,0,0,0,0,0,0,0,0,0,0,0,0,0,0,0,0,0,0,0,0,0,0,0,0,0,0,0,0,0,0,0,0,0,0,0,0,0,0,0,0,0,0,0,0,0,0,0,0,0,0,0,0,0,0,0,0,0,0,0,0,0,0,0,0,0,0,0,0,0,0,0,0,0,0,0,0,0,0,0,0,0,0,0,0,0,0,0,0,0,0,0,0,0,0,0,0,0,0,0,0,0,0,0,0,0,0,0,1,1,6,0
Disaggregated economic impact analysis incorporating ecological and social trade-offs and techno-institutional context: A case from the Western Ghats of India,"Lele, Sharachchandra; Srinivasan, Veena",,,,ECOLOGICAL ECONOMICS,Jul-13,2013,91,,,,,98,112,,10.1016/j.ecolecon.2013.03.023,,,8,1.6,0,0,0,0,0,0,0,0,0,0,0,0,0,0,0,0,0,0,0,0,0,0,0,0,0,0,0,0,0,0,0,0,0,0,0,0,0,0,0,0,0,0,0,0,0,0,0,0,0,0,0,0,0,0,0,0,0,0,0,0,0,0,0,0,0,0,0,0,0,0,0,0,0,0,0,0,0,0,0,0,0,0,0,0,0,0,0,0,0,0,0,0,0,0,0,0,0,0,0,0,0,0,0,0,0,0,0,0,0,0,0,0,0,1,0,4,2,1,0
Assessing the effectiveness of conservation measures: Resolving the wicked problem of the Steller sea lion,"Boyd, I. L.",,,,BIOLOGICAL CONSERVATION,Jul-10,2010,143,7,,,,1664,1674,,10.1016/j.biocon.2010.04.006,,,8,1,0,0,0,0,0,0,0,0,0,0,0,0,0,0,0,0,0,0,0,0,0,0,0,0,0,0,0,0,0,0,0,0,0,0,0,0,0,0,0,0,0,0,0,0,0,0,0,0,0,0,0,0,0,0,0,0,0,0,0,0,0,0,0,0,0,0,0,0,0,0,0,0,0,0,0,0,0,0,0,0,0,0,0,0,0,0,0,0,0,0,0,0,0,0,0,0,0,0,0,0,0,0,0,0,0,0,0,0,0,0,0,1,2,2,1,0,1,1,0
"On the uncertain costs and tenuous benefits of Marine reserves: a case study of the Tortugas Ecological Reserve, South Florida, USA","Cook, GS; Heinen, JT",,,,NATURAL AREAS JOURNAL,Oct-05,2005,25,4,,,,390,396,,,,,8,0.62,0,0,0,0,0,0,0,0,0,0,0,0,0,0,0,0,0,0,0,0,0,0,0,0,0,0,0,0,0,0,0,0,0,0,0,0,0,0,0,0,0,0,0,0,0,0,0,0,0,0,0,0,0,0,0,0,0,0,0,0,0,0,0,0,0,0,0,0,0,0,0,0,0,0,0,0,0,0,0,0,0,0,0,0,0,0,0,0,0,0,0,0,0,0,0,0,0,0,0,0,0,0,0,0,0,0,0,0,0,1,1,0,1,1,2,0,1,1,0
Economic analyses to aid nature conservation decision making,"Cullen, R; Hughey, KFD; Fairburn, G; Moran, E",,,,ORYX,Jul-05,2005,39,3,,,,327,334,,10.1017/S0030605305000773,,,8,0.62,0,0,0,0,0,0,0,0,0,0,0,0,0,0,0,0,0,0,0,0,0,0,0,0,0,0,0,0,0,0,0,0,0,0,0,0,0,0,0,0,0,0,0,0,0,0,0,0,0,0,0,0,0,0,0,0,0,0,0,0,0,0,0,0,0,0,0,0,0,0,0,0,0,0,0,0,0,0,0,0,0,0,0,0,0,0,0,0,0,0,0,0,0,0,0,0,0,0,0,0,0,0,0,0,0,0,0,1,1,1,1,2,0,0,0,2,0,0,0
Stop Jumping the Gun: A Call for Evidence-Based Invasive Predator Management,"Doherty, Tim S.; Ritchie, Euan G.",,,,CONSERVATION LETTERS,JAN-APR 2017,2017,10,1,,,,15,22,,10.1111/conl.12251,,,7,7,0,0,0,0,0,0,0,0,0,0,0,0,0,0,0,0,0,0,0,0,0,0,0,0,0,0,0,0,0,0,0,0,0,0,0,0,0,0,0,0,0,0,0,0,0,0,0,0,0,0,0,0,0,0,0,0,0,0,0,0,0,0,0,0,0,0,0,0,0,0,0,0,0,0,0,0,0,0,0,0,0,0,0,0,0,0,0,0,0,0,0,0,0,0,0,0,0,0,0,0,0,0,0,0,0,0,0,0,0,0,0,0,0,0,0,0,1,6,0
How much conservation is enough? Defining implementation goals for healthy fish communities in agricultural rivers,"Sowa, Scott P.; Herbert, Matthew; Mysorekar, Sagar; Annis, Gust M.; Hall, Kimberly; Nejadhashemi, A. Pouyan; Woznicki, Sean A.; Wang, Lizhu; Doran, Patrick J.",,,,JOURNAL OF GREAT LAKES RESEARCH,Dec-16,2016,42,6,,,,1302,1321,,10.1016/j.jglr.2016.09.011,,,7,3.5,0,0,0,0,0,0,0,0,0,0,0,0,0,0,0,0,0,0,0,0,0,0,0,0,0,0,0,0,0,0,0,0,0,0,0,0,0,0,0,0,0,0,0,0,0,0,0,0,0,0,0,0,0,0,0,0,0,0,0,0,0,0,0,0,0,0,0,0,0,0,0,0,0,0,0,0,0,0,0,0,0,0,0,0,0,0,0,0,0,0,0,0,0,0,0,0,0,0,0,0,0,0,0,0,0,0,0,0,0,0,0,0,0,0,0,0,3,4,0
Priority threat management of non-native plants to maintain ecosystem integrity across heterogeneous landscapes,"Firn, Jennifer; Martin, Tara G.; Chades, Iadine; Walters, Belinda; Hayes, John; Nicol, Sam; Carwardine, Josie",,,,JOURNAL OF APPLIED ECOLOGY,Oct-15,2015,52,5,,,,1135,1144,,10.1111/1365-2664.12500,,,7,2.33,0,0,0,0,0,0,0,0,0,0,0,0,0,0,0,0,0,0,0,0,0,0,0,0,0,0,0,0,0,0,0,0,0,0,0,0,0,0,0,0,0,0,0,0,0,0,0,0,0,0,0,0,0,0,0,0,0,0,0,0,0,0,0,0,0,0,0,0,0,0,0,0,0,0,0,0,0,0,0,0,0,0,0,0,0,0,0,0,0,0,0,0,0,0,0,0,0,0,0,0,0,0,0,0,0,0,0,0,0,0,0,0,0,0,0,1,4,2,0
Biological and operational determinants of the effectiveness and efficiency of biodiversity conservation programs,"Laycock, Helen F.; Moran, Dominic; Raffaelli, David G.; White, Piran C. L.",,,,WILDLIFE RESEARCH,2013,2013,40,2,,,,142,152,,10.1071/WR12073,,,7,1.4,0,0,0,0,0,0,0,0,0,0,0,0,0,0,0,0,0,0,0,0,0,0,0,0,0,0,0,0,0,0,0,0,0,0,0,0,0,0,0,0,0,0,0,0,0,0,0,0,0,0,0,0,0,0,0,0,0,0,0,0,0,0,0,0,0,0,0,0,0,0,0,0,0,0,0,0,0,0,0,0,0,0,0,0,0,0,0,0,0,0,0,0,0,0,0,0,0,0,0,0,0,0,0,0,0,0,0,0,0,0,0,0,0,3,1,1,1,1,0
Nutrient emission reduction scenarios in the North Sea: An abatement cost and ecosystem integrity analysis,"Nunneri, Corinna; Windhorst, Wilhelm; Turner, R. Kerry; Lenhart, Hermann",,,,ECOLOGICAL INDICATORS,Nov-07,2007,7,4,,,,776,792,,10.1016/j.ecolind.2006.09.002,,,7,0.64,0,0,0,0,0,0,0,0,0,0,0,0,0,0,0,0,0,0,0,0,0,0,0,0,0,0,0,0,0,0,0,0,0,0,0,0,0,0,0,0,0,0,0,0,0,0,0,0,0,0,0,0,0,0,0,0,0,0,0,0,0,0,0,0,0,0,0,0,0,0,0,0,0,0,0,0,0,0,0,0,0,0,0,0,0,0,0,0,0,0,0,0,0,0,0,0,0,0,0,0,0,0,0,0,0,0,0,0,1,0,0,3,0,1,1,1,0,0,0
Incorporating the value of ecological networks into cost-benefit analysis to improve spatially explicit land-use planning,"Gaaff, Aris; Reinhard, Stijn",,,,ECOLOGICAL ECONOMICS,JAN 15 2012,2012,73,,,,,66,74,,10.1016/j.ecolecon.2011.10.021,,,6,1,0,0,0,0,0,0,0,0,0,0,0,0,0,0,0,0,0,0,0,0,0,0,0,0,0,0,0,0,0,0,0,0,0,0,0,0,0,0,0,0,0,0,0,0,0,0,0,0,0,0,0,0,0,0,0,0,0,0,0,0,0,0,0,0,0,0,0,0,0,0,0,0,0,0,0,0,0,0,0,0,0,0,0,0,0,0,0,0,0,0,0,0,0,0,0,0,0,0,0,0,0,0,0,0,0,0,0,0,0,0,0,0,0,1,0,2,3,0,0
"Economics and stakeholders of Ream National Park, Cambodia","De Lopez, TT",,,,ECOLOGICAL ECONOMICS,Sep-03,2003,46,2,,,,269,282,,10.1016/S0921-8009(03)00142-3,,,6,0.4,0,0,0,0,0,0,0,0,0,0,0,0,0,0,0,0,0,0,0,0,0,0,0,0,0,0,0,0,0,0,0,0,0,0,0,0,0,0,0,0,0,0,0,0,0,0,0,0,0,0,0,0,0,0,0,0,0,0,0,0,0,0,0,0,0,0,0,0,0,0,0,0,0,0,0,0,0,0,0,0,0,0,0,0,0,0,0,0,0,0,0,0,0,0,0,0,0,0,0,0,0,0,0,0,0,0,0,0,0,0,1,1,0,0,0,4,0,0,0
Ecosystem change and human health: implementation economics and policy,"Pattanayak, S. K.; Kramer, R. A.; Vincent, J. R.",,,,PHILOSOPHICAL TRANSACTIONS OF THE ROYAL SOCIETY B-BIOLOGICAL SCIENCES,JUN 5 2017,2017,372,1722,,,,,,20160130,10.1098/rstb.2016.0130,,,5,5,0,0,0,0,0,0,0,0,0,0,0,0,0,0,0,0,0,0,0,0,0,0,0,0,0,0,0,0,0,0,0,0,0,0,0,0,0,0,0,0,0,0,0,0,0,0,0,0,0,0,0,0,0,0,0,0,0,0,0,0,0,0,0,0,0,0,0,0,0,0,0,0,0,0,0,0,0,0,0,0,0,0,0,0,0,0,0,0,0,0,0,0,0,0,0,0,0,0,0,0,0,0,0,0,0,0,0,0,0,0,0,0,0,0,0,0,0,5,0
Transplanting native tree seedlings to enrich tropical live fences: an ecological and socio-economic analysis,"Fuentealba, Beatriz D.; Martinez-Ramos, Miguel",,,,AGROFORESTRY SYSTEMS,Apr-14,2014,88,2,,,,221,236,,10.1007/s10457-013-9669-y,,,5,1.25,0,0,0,0,0,0,0,0,0,0,0,0,0,0,0,0,0,0,0,0,0,0,0,0,0,0,0,0,0,0,0,0,0,0,0,0,0,0,0,0,0,0,0,0,0,0,0,0,0,0,0,0,0,0,0,0,0,0,0,0,0,0,0,0,0,0,0,0,0,0,0,0,0,0,0,0,0,0,0,0,0,0,0,0,0,0,0,0,0,0,0,0,0,0,0,0,0,0,0,0,0,0,0,0,0,0,0,0,0,0,0,0,0,0,0,1,2,2,0
Evaluation of New Zealand's High-Seas Bottom Trawl Closures Using Predictive Habitat Models and Quantitative Risk Assessment,"Penney, Andrew J.; Guinotte, John M.",,,,PLOS ONE,DEC 16 2013,2013,8,12,,,,,,e82273,10.1371/journal.pone.0082273,,,5,1,0,0,0,0,0,0,0,0,0,0,0,0,0,0,0,0,0,0,0,0,0,0,0,0,0,0,0,0,0,0,0,0,0,0,0,0,0,0,0,0,0,0,0,0,0,0,0,0,0,0,0,0,0,0,0,0,0,0,0,0,0,0,0,0,0,0,0,0,0,0,0,0,0,0,0,0,0,0,0,0,0,0,0,0,0,0,0,0,0,0,0,0,0,0,0,0,0,0,0,0,0,0,0,0,0,0,0,0,0,0,0,0,0,0,1,1,2,1,0
Carrot or Stick? Modelling How Landowner Behavioural Responses Can Cause Incentive-Based Forest Governance to Backfire,"Henderson, Kirsten A.; Anand, Madhur; Bauch, Chris T.",,,,PLOS ONE,OCT 30 2013,2013,8,10,,,,,,e77735,10.1371/journal.pone.0077735,,,5,1,0,0,0,0,0,0,0,0,0,0,0,0,0,0,0,0,0,0,0,0,0,0,0,0,0,0,0,0,0,0,0,0,0,0,0,0,0,0,0,0,0,0,0,0,0,0,0,0,0,0,0,0,0,0,0,0,0,0,0,0,0,0,0,0,0,0,0,0,0,0,0,0,0,0,0,0,0,0,0,0,0,0,0,0,0,0,0,0,0,0,0,0,0,0,0,0,0,0,0,0,0,0,0,0,0,0,0,0,0,0,0,0,0,0,0,0,3,2,0
Ecological Compensation Estimation of Soil and Water Conservation Based on Cost-Benefit Analysis,"Sun, Lina; Lu, Wenxi; Yang, Qingchun; Delgado Martin, Jordi; Li, Di",,,,WATER RESOURCES MANAGEMENT,Jun-13,2013,27,8,,,,2709,2727,,10.1007/s11269-013-0268-5,,,5,1,0,0,0,0,0,0,0,0,0,0,0,0,0,0,0,0,0,0,0,0,0,0,0,0,0,0,0,0,0,0,0,0,0,0,0,0,0,0,0,0,0,0,0,0,0,0,0,0,0,0,0,0,0,0,0,0,0,0,0,0,0,0,0,0,0,0,0,0,0,0,0,0,0,0,0,0,0,0,0,0,0,0,0,0,0,0,0,0,0,0,0,0,0,0,0,0,0,0,0,0,0,0,0,0,0,0,0,0,0,0,0,0,0,0,2,2,1,0,0
"Optimising investments from elephant tourist revenues in the Maputo Elephant Reserve, Mozambique","de Boer, W. F.; Stigter, J. D.; Ntumi, C. P.",,,,JOURNAL FOR NATURE CONSERVATION,2007,2007,15,4,,,,225,236,,10.1016/j.jnc.2006.11.002,,,5,0.45,0,0,0,0,0,0,0,0,0,0,0,0,0,0,0,0,0,0,0,0,0,0,0,0,0,0,0,0,0,0,0,0,0,0,0,0,0,0,0,0,0,0,0,0,0,0,0,0,0,0,0,0,0,0,0,0,0,0,0,0,0,0,0,0,0,0,0,0,0,0,0,0,0,0,0,0,0,0,0,0,0,0,0,0,0,0,0,0,0,0,0,0,0,0,0,0,0,0,0,0,0,0,0,0,0,0,0,0,0,1,0,0,0,2,0,1,1,0,0
Cost-Effective Targeting Soil and Water Conservation: A Case Study of Changting County in Southeast China,"Wang, Chengchao; Yang, Yusheng; Zhang, Yaoqi",,,,LAND DEGRADATION & DEVELOPMENT,Feb-16,2016,27,2,,,,387,394,,10.1002/ldr.2397,,,4,2,0,0,0,0,0,0,0,0,0,0,0,0,0,0,0,0,0,0,0,0,0,0,0,0,0,0,0,0,0,0,0,0,0,0,0,0,0,0,0,0,0,0,0,0,0,0,0,0,0,0,0,0,0,0,0,0,0,0,0,0,0,0,0,0,0,0,0,0,0,0,0,0,0,0,0,0,0,0,0,0,0,0,0,0,0,0,0,0,0,0,0,0,0,0,0,0,0,0,0,0,0,0,0,0,0,0,0,0,0,0,0,0,0,0,0,1,2,1,0
"Soils, agriculture and food security: the interplay between ecosystem functioning and human well-being","Hurni, Hans; Giger, Markus; Liniger, Hanspeter; Studer, Rima Mekdaschi; Messerli, Peter; Portner, Brigitte; Schwilch, Gudrun; Wolfgramm, Bettina; Breu, Thomas",,,,CURRENT OPINION IN ENVIRONMENTAL SUSTAINABILITY,Aug-15,2015,15,,,,,25,34,,10.1016/j.cosust.2015.07.009,,,4,1.33,0,0,0,0,0,0,0,0,0,0,0,0,0,0,0,0,0,0,0,0,0,0,0,0,0,0,0,0,0,0,0,0,0,0,0,0,0,0,0,0,0,0,0,0,0,0,0,0,0,0,0,0,0,0,0,0,0,0,0,0,0,0,0,0,0,0,0,0,0,0,0,0,0,0,0,0,0,0,0,0,0,0,0,0,0,0,0,0,0,0,0,0,0,0,0,0,0,0,0,0,0,0,0,0,0,0,0,0,0,0,0,0,0,0,0,0,3,1,0
Characterization of the kidney transcriptome of the South American olive mouse Abrothrix olivacea,"Giorello, Facundo M.; Feijoo, Matias; D'Elia, Guillermo; Valdez, Lourdes; Opazo, Juan C.; Varas, Valeria; Naya, Daniel E.; Lessa, Enrique P.",,,,BMC GENOMICS,JUN 8 2014,2014,15,,,,,,,446,10.1186/1471-2164-15-446,,,4,1,0,0,0,0,0,0,0,0,0,0,0,0,0,0,0,0,0,0,0,0,0,0,0,0,0,0,0,0,0,0,0,0,0,0,0,0,0,0,0,0,0,0,0,0,0,0,0,0,0,0,0,0,0,0,0,0,0,0,0,0,0,0,0,0,0,0,0,0,0,0,0,0,0,0,0,0,0,0,0,0,0,0,0,0,0,0,0,0,0,0,0,0,0,0,0,0,0,0,0,0,0,0,0,0,0,0,0,0,0,0,0,0,0,0,1,1,0,2,0
The potential impacts of changes in bear hunting policy for hunting organisations in Croatia,"Knott, Emma J.; Bunnefeld, Nils; Huber, Djuro; Reljic, Slaven; Kerezi, Vesna; Milner-Gulland, E. J.",,,,EUROPEAN JOURNAL OF WILDLIFE RESEARCH,Feb-14,2014,60,1,,,,85,97,,10.1007/s10344-013-0754-3,,,4,1,0,0,0,0,0,0,0,0,0,0,0,0,0,0,0,0,0,0,0,0,0,0,0,0,0,0,0,0,0,0,0,0,0,0,0,0,0,0,0,0,0,0,0,0,0,0,0,0,0,0,0,0,0,0,0,0,0,0,0,0,0,0,0,0,0,0,0,0,0,0,0,0,0,0,0,0,0,0,0,0,0,0,0,0,0,0,0,0,0,0,0,0,0,0,0,0,0,0,0,0,0,0,0,0,0,0,0,0,0,0,0,0,0,0,1,2,0,1,0
Using the Spatial Population Abundance Dynamics Engine for conservation management,"Beeton, Nicholas J.; McMahon, Clive R.; Williamson, Grant J.; Potts, Joanne; Bloomer, Jonathan; Bester, Marthan N.; Forbes, Larry K.; Johnson, Chris N.",,,,METHODS IN ECOLOGY AND EVOLUTION,Dec-15,2015,6,12,,,,1407,1416,,10.1111/2041-210X.12434,,,3,1,0,0,0,0,0,0,0,0,0,0,0,0,0,0,0,0,0,0,0,0,0,0,0,0,0,0,0,0,0,0,0,0,0,0,0,0,0,0,0,0,0,0,0,0,0,0,0,0,0,0,0,0,0,0,0,0,0,0,0,0,0,0,0,0,0,0,0,0,0,0,0,0,0,0,0,0,0,0,0,0,0,0,0,0,0,0,0,0,0,0,0,0,0,0,0,0,0,0,0,0,0,0,0,0,0,0,0,0,0,0,0,0,0,0,0,0,1,2,0
Using an energetic cost-benefit approach to identify ecological traps: the case of the African wild dog,"van der Meer, E.; Rasmussen, G. S. A.; Fritz, H.",,,,ANIMAL CONSERVATION,Aug-15,2015,18,4,,,,359,366,,10.1111/acv.12182,,,3,1,0,0,0,0,0,0,0,0,0,0,0,0,0,0,0,0,0,0,0,0,0,0,0,0,0,0,0,0,0,0,0,0,0,0,0,0,0,0,0,0,0,0,0,0,0,0,0,0,0,0,0,0,0,0,0,0,0,0,0,0,0,0,0,0,0,0,0,0,0,0,0,0,0,0,0,0,0,0,0,0,0,0,0,0,0,0,0,0,0,0,0,0,0,0,0,0,0,0,0,0,0,0,0,0,0,0,0,0,0,0,0,0,0,0,0,1,2,0,0
Electronics recycling as an energy efficiency measure - a Life Cycle Assessment (LCA) study on refrigerator recycling in Brazil,"Foelster, Anne-Sophie; Andrew, Stefan; Kroeger, Leonardo; Bohr, Philipp; Dettmer, Tina; Boehme, Stefan; Herrmann, Christoph",,,,JOURNAL OF CLEANER PRODUCTION,AUG 15 2016,2016,129,,,,,30,42,,10.1016/j.jclepro.2016.04.126,,,2,1,0,0,0,0,0,0,0,0,0,0,0,0,0,0,0,0,0,0,0,0,0,0,0,0,0,0,0,0,0,0,0,0,0,0,0,0,0,0,0,0,0,0,0,0,0,0,0,0,0,0,0,0,0,0,0,0,0,0,0,0,0,0,0,0,0,0,0,0,0,0,0,0,0,0,0,0,0,0,0,0,0,0,0,0,0,0,0,0,0,0,0,0,0,0,0,0,0,0,0,0,0,0,0,0,0,0,0,0,0,0,0,0,0,0,0,0,0,2,0
Green roofs may cast shadows,"Holt, Robert D.",,,,ISRAEL JOURNAL OF ECOLOGY & EVOLUTION,2016,2016,62,1-Feb,,,SI,15,22,,10.1080/15659801.2015.1118844,,,2,1,0,0,0,0,0,0,0,0,0,0,0,0,0,0,0,0,0,0,0,0,0,0,0,0,0,0,0,0,0,0,0,0,0,0,0,0,0,0,0,0,0,0,0,0,0,0,0,0,0,0,0,0,0,0,0,0,0,0,0,0,0,0,0,0,0,0,0,0,0,0,0,0,0,0,0,0,0,0,0,0,0,0,0,0,0,0,0,0,0,0,0,0,0,0,0,0,0,0,0,0,0,0,0,0,0,0,0,0,0,0,0,0,0,0,0,0,2,0,0
Habitat or matrix: which is more relevant to predict road-kill of vertebrates?,"Bueno, C.; Sousa, C. O. M.; Freitas, S. R.",,,,BRAZILIAN JOURNAL OF BIOLOGY,Nov-15,2015,75,4,,S,,S228,S238,,10.1590/1519-6984.12614,,,2,0.67,0,0,0,0,0,0,0,0,0,0,0,0,0,0,0,0,0,0,0,0,0,0,0,0,0,0,0,0,0,0,0,0,0,0,0,0,0,0,0,0,0,0,0,0,0,0,0,0,0,0,0,0,0,0,0,0,0,0,0,0,0,0,0,0,0,0,0,0,0,0,0,0,0,0,0,0,0,0,0,0,0,0,0,0,0,0,0,0,0,0,0,0,0,0,0,0,0,0,0,0,0,0,0,0,0,0,0,0,0,0,0,0,0,0,0,0,1,1,0
The social benefits and costs of preserving forest biodiversity and ecosystem services,"Lindhjem, Henrik; Grimsrud, Kristine; Navrud, Stale; Kolle, Stein Olav",,,,JOURNAL OF ENVIRONMENTAL ECONOMICS AND POLICY,2015,2015,4,2,,,SI,202,222,,10.1080/21606544.2014.982201,,,2,0.67,0,0,0,0,0,0,0,0,0,0,0,0,0,0,0,0,0,0,0,0,0,0,0,0,0,0,0,0,0,0,0,0,0,0,0,0,0,0,0,0,0,0,0,0,0,0,0,0,0,0,0,0,0,0,0,0,0,0,0,0,0,0,0,0,0,0,0,0,0,0,0,0,0,0,0,0,0,0,0,0,0,0,0,0,0,0,0,0,0,0,0,0,0,0,0,0,0,0,0,0,0,0,0,0,0,0,0,0,0,0,0,0,0,0,0,0,1,1,0
Alternative Farming Techniques for Sustainable Food Production,"Padmavathy, K.; Poyyamoli, G.",,,"Lichtfouse, E","GENETICS, BIOFUELS AND LOCAL FARMING SYSTEM",2011,2011,7,,,,,367,424,,10.1007/978-94-007-1521-9_13,,,2,0.29,0,0,0,0,0,0,0,0,0,0,0,0,0,0,0,0,0,0,0,0,0,0,0,0,0,0,0,0,0,0,0,0,0,0,0,0,0,0,0,0,0,0,0,0,0,0,0,0,0,0,0,0,0,0,0,0,0,0,0,0,0,0,0,0,0,0,0,0,0,0,0,0,0,0,0,0,0,0,0,0,0,0,0,0,0,0,0,0,0,0,0,0,0,0,0,0,0,0,0,0,0,0,0,0,0,0,0,0,0,0,0,0,0,0,0,0,1,1,0
Beyond protocols: improving the reliability of expert-based risk analysis underpinning invasive species policies,"Vanderhoeven, Sonia; Branquart, Etienne; Casaer, Jim; D'hondt, Bram; Hulme, Philip E.; Shwartz, Assaf; Strubbe, Diederik; Turbe, Anne; Verreycken, Hugo; Adriaens, Tim",,,,BIOLOGICAL INVASIONS,Sep-17,2017,19,9,,,,2507,2517,,10.1007/s10530-017-1434-0,,,1,1,0,0,0,0,0,0,0,0,0,0,0,0,0,0,0,0,0,0,0,0,0,0,0,0,0,0,0,0,0,0,0,0,0,0,0,0,0,0,0,0,0,0,0,0,0,0,0,0,0,0,0,0,0,0,0,0,0,0,0,0,0,0,0,0,0,0,0,0,0,0,0,0,0,0,0,0,0,0,0,0,0,0,0,0,0,0,0,0,0,0,0,0,0,0,0,0,0,0,0,0,0,0,0,0,0,0,0,0,0,0,0,0,0,0,0,0,0,1,0
An ecosystem services approach to the ecological effects of salvage logging: valuation of seed dispersal,"Leverkus, Alexandro B.; Castro, Jorge",,,,ECOLOGICAL APPLICATIONS,Jun-17,2017,27,4,,,,1057,1063,,10.1002/eap.1539,,,1,1,0,0,0,0,0,0,0,0,0,0,0,0,0,0,0,0,0,0,0,0,0,0,0,0,0,0,0,0,0,0,0,0,0,0,0,0,0,0,0,0,0,0,0,0,0,0,0,0,0,0,0,0,0,0,0,0,0,0,0,0,0,0,0,0,0,0,0,0,0,0,0,0,0,0,0,0,0,0,0,0,0,0,0,0,0,0,0,0,0,0,0,0,0,0,0,0,0,0,0,0,0,0,0,0,0,0,0,0,0,0,0,0,0,0,0,0,0,1,0
"How many broadleaved trees are enough in conifer plantations? The economy of land sharing, land sparing and quantitative targets","Yamaura, Yuichi; Shoji, Yasushi; Mitsuda, Yasushi; Utsugi, Hajime; Tsuge, Takahiro; Kuriyama, Koichi; Nakamura, Futoshi",,,,JOURNAL OF APPLIED ECOLOGY,Aug-16,2016,53,4,,,,1117,1126,,10.1111/1365-2664.12642,,,1,0.5,0,0,0,0,0,0,0,0,0,0,0,0,0,0,0,0,0,0,0,0,0,0,0,0,0,0,0,0,0,0,0,0,0,0,0,0,0,0,0,0,0,0,0,0,0,0,0,0,0,0,0,0,0,0,0,0,0,0,0,0,0,0,0,0,0,0,0,0,0,0,0,0,0,0,0,0,0,0,0,0,0,0,0,0,0,0,0,0,0,0,0,0,0,0,0,0,0,0,0,0,0,0,0,0,0,0,0,0,0,0,0,0,0,0,0,0,0,1,0
Ecological Compensation Standards of Wetland Restoration Projects,"He, Jia; Ai, Junyong; Zhu, Xiaodong; Sun, Xiang",,,,POLISH JOURNAL OF ENVIRONMENTAL STUDIES,2015,2015,24,6,,,,2421,2432,,,,,1,0.33,0,0,0,0,0,0,0,0,0,0,0,0,0,0,0,0,0,0,0,0,0,0,0,0,0,0,0,0,0,0,0,0,0,0,0,0,0,0,0,0,0,0,0,0,0,0,0,0,0,0,0,0,0,0,0,0,0,0,0,0,0,0,0,0,0,0,0,0,0,0,0,0,0,0,0,0,0,0,0,0,0,0,0,0,0,0,0,0,0,0,0,0,0,0,0,0,0,0,0,0,0,0,0,0,0,0,0,0,0,0,0,0,0,0,0,0,1,0,0
Time-series effective habitat area (EHA) modeling using cost-benefit raster based technique,"Sinha, Priyakant; Kumar, Lalit; Drielsma, Michael; Barrett, Tom",,,,ECOLOGICAL INFORMATICS,Jan-14,2014,19,,,,,16,25,,10.1016/j.ecoinf.2013.10.003,,,1,0.25,0,0,0,0,0,0,0,0,0,0,0,0,0,0,0,0,0,0,0,0,0,0,0,0,0,0,0,0,0,0,0,0,0,0,0,0,0,0,0,0,0,0,0,0,0,0,0,0,0,0,0,0,0,0,0,0,0,0,0,0,0,0,0,0,0,0,0,0,0,0,0,0,0,0,0,0,0,0,0,0,0,0,0,0,0,0,0,0,0,0,0,0,0,0,0,0,0,0,0,0,0,0,0,0,0,0,0,0,0,0,0,0,0,0,0,0,1,0,0
The Equivalency Principle for Discounting the Value of Natural Assets: An Application to an Investment Project in the Basque Coast,"Chiabai, Aline; Galarraga, Ibon; Markandya, Anil; Pascual, Unai",,,,ENVIRONMENTAL & RESOURCE ECONOMICS,Dec-13,2013,56,4,,,SI,535,550,,10.1007/s10640-012-9589-8,,,1,0.2,0,0,0,0,0,0,0,0,0,0,0,0,0,0,0,0,0,0,0,0,0,0,0,0,0,0,0,0,0,0,0,0,0,0,0,0,0,0,0,0,0,0,0,0,0,0,0,0,0,0,0,0,0,0,0,0,0,0,0,0,0,0,0,0,0,0,0,0,0,0,0,0,0,0,0,0,0,0,0,0,0,0,0,0,0,0,0,0,0,0,0,0,0,0,0,0,0,0,0,0,0,0,0,0,0,0,0,0,0,0,0,0,0,1,0,0,0,0,0
Application of the diminishing returns concept in the hydroecologic restoration of riverscapes,"Diefenderfer, Heida L.; Johnson, Gary E.; Skalski, John R.; Breithaupt, Stephen A.; Coleman, Andre M.",,,,LANDSCAPE ECOLOGY,May-12,2012,27,5,,,,671,682,,10.1007/s10980-012-9713-8,,,1,0.17,0,0,0,0,0,0,0,0,0,0,0,0,0,0,0,0,0,0,0,0,0,0,0,0,0,0,0,0,0,0,0,0,0,0,0,0,0,0,0,0,0,0,0,0,0,0,0,0,0,0,0,0,0,0,0,0,0,0,0,0,0,0,0,0,0,0,0,0,0,0,0,0,0,0,0,0,0,0,0,0,0,0,0,0,0,0,0,0,0,0,0,0,0,0,0,0,0,0,0,0,0,0,0,0,0,0,0,0,0,0,0,0,0,0,0,0,1,0,0
THE MISMEASURE OF BEHAVIOR: A NATURAL HISTORY REVISION OF PREY PREFERENCE IN THE BANDED TULIP SNAIL,"Durham, Stephen R.; Dietl, Gregory P.; Visaggi, Christy C.",,,,JOURNAL OF SHELLFISH RESEARCH,Apr-12,2012,31,1,,,,101,109,,10.2983/035.031.0113,,,1,0.17,0,0,0,0,0,0,0,0,0,0,0,0,0,0,0,0,0,0,0,0,0,0,0,0,0,0,0,0,0,0,0,0,0,0,0,0,0,0,0,0,0,0,0,0,0,0,0,0,0,0,0,0,0,0,0,0,0,0,0,0,0,0,0,0,0,0,0,0,0,0,0,0,0,0,0,0,0,0,0,0,0,0,0,0,0,0,0,0,0,0,0,0,0,0,0,0,0,0,0,0,0,0,0,0,0,0,0,0,0,0,0,0,0,0,0,1,0,0,0
Cost-benefit analysis of native warm season grasses for transmission line right-of way revegetation,"Turk, Joseph; Alp, Neslihan; Dattilo, Adam; Boyd, Jennifer",,,,ECOLOGICAL ENGINEERING,Nov-17,2017,108,,A,,,123,131,,10.1016/j.ecoleng.2017.08.013,,,0,0,0,0,0,0,0,0,0,0,0,0,0,0,0,0,0,0,0,0,0,0,0,0,0,0,0,0,0,0,0,0,0,0,0,0,0,0,0,0,0,0,0,0,0,0,0,0,0,0,0,0,0,0,0,0,0,0,0,0,0,0,0,0,0,0,0,0,0,0,0,0,0,0,0,0,0,0,0,0,0,0,0,0,0,0,0,0,0,0,0,0,0,0,0,0,0,0,0,0,0,0,0,0,0,0,0,0,0,0,0,0,0,0,0,0,0,0,0,0,0
Exploring Futures for Amazonia's Sierra del Divisor: An Environmental Valuation Triadics Approach to Analyzing Ecological Economic Decision Choices in the Context of Major Shifts in Boundary Conditions,"Farrell, Katharine N.; Carlos Silva-Macher, Jose",,,,ECOLOGICAL ECONOMICS,Nov-17,2017,141,,,,,166,179,,10.1016/j.ecolecon.2017.04.015,,,0,0,0,0,0,0,0,0,0,0,0,0,0,0,0,0,0,0,0,0,0,0,0,0,0,0,0,0,0,0,0,0,0,0,0,0,0,0,0,0,0,0,0,0,0,0,0,0,0,0,0,0,0,0,0,0,0,0,0,0,0,0,0,0,0,0,0,0,0,0,0,0,0,0,0,0,0,0,0,0,0,0,0,0,0,0,0,0,0,0,0,0,0,0,0,0,0,0,0,0,0,0,0,0,0,0,0,0,0,0,0,0,0,0,0,0,0,0,0,0,0
Ecosystem Service Arguments Enhance Public Support for Environmental Protection - But Beware of the Numbers,"Rode, Julian; Le Menestrel, Marc; Cornelissen, Gert",,,,ECOLOGICAL ECONOMICS,Nov-17,2017,141,,,,,213,221,,10.1016/j.ecolecon.2017.05.028,,,0,0,0,0,0,0,0,0,0,0,0,0,0,0,0,0,0,0,0,0,0,0,0,0,0,0,0,0,0,0,0,0,0,0,0,0,0,0,0,0,0,0,0,0,0,0,0,0,0,0,0,0,0,0,0,0,0,0,0,0,0,0,0,0,0,0,0,0,0,0,0,0,0,0,0,0,0,0,0,0,0,0,0,0,0,0,0,0,0,0,0,0,0,0,0,0,0,0,0,0,0,0,0,0,0,0,0,0,0,0,0,0,0,0,0,0,0,0,0,0,0
Interbasin water transfer for the rehabilitation of a transboundary Mediterranean stream: An economic analysis,"Akron, Ariel; Ghermandi, Andrea; Dayan, Tamar; Hershkovitz, Yaron",,,,JOURNAL OF ENVIRONMENTAL MANAGEMENT,NOV 1 2017,2017,202,,1,,,276,286,,10.1016/j.jenvman.2017.07.043,,,0,0,0,0,0,0,0,0,0,0,0,0,0,0,0,0,0,0,0,0,0,0,0,0,0,0,0,0,0,0,0,0,0,0,0,0,0,0,0,0,0,0,0,0,0,0,0,0,0,0,0,0,0,0,0,0,0,0,0,0,0,0,0,0,0,0,0,0,0,0,0,0,0,0,0,0,0,0,0,0,0,0,0,0,0,0,0,0,0,0,0,0,0,0,0,0,0,0,0,0,0,0,0,0,0,0,0,0,0,0,0,0,0,0,0,0,0,0,0,0,0
Restoration planning to guide Aichi targets in a megadiverse country,"Tobon, Wolke; Urquiza-Haas, Tania; Koleff, Patricia; Schroeter, Matthias; Ortega-Alvarez, Ruben; Campo, Julio; Lindig-Cisneros, Roberto; Sarukhan, Jose; Bonn, Aletta",,,,CONSERVATION BIOLOGY,Oct-17,2017,31,5,,,,1086,1097,,10.1111/cobi.12918,,,0,0,0,0,0,0,0,0,0,0,0,0,0,0,0,0,0,0,0,0,0,0,0,0,0,0,0,0,0,0,0,0,0,0,0,0,0,0,0,0,0,0,0,0,0,0,0,0,0,0,0,0,0,0,0,0,0,0,0,0,0,0,0,0,0,0,0,0,0,0,0,0,0,0,0,0,0,0,0,0,0,0,0,0,0,0,0,0,0,0,0,0,0,0,0,0,0,0,0,0,0,0,0,0,0,0,0,0,0,0,0,0,0,0,0,0,0,0,0,0,0
The landscape of fear conceptual framework: definition and review of current applications and misuses,"Bleicher, Sonny S.",,,,PEERJ,SEP 12 2017,2017,5,,,,,,,e3772,10.7717/peerj.3772,,,0,0,0,0,0,0,0,0,0,0,0,0,0,0,0,0,0,0,0,0,0,0,0,0,0,0,0,0,0,0,0,0,0,0,0,0,0,0,0,0,0,0,0,0,0,0,0,0,0,0,0,0,0,0,0,0,0,0,0,0,0,0,0,0,0,0,0,0,0,0,0,0,0,0,0,0,0,0,0,0,0,0,0,0,0,0,0,0,0,0,0,0,0,0,0,0,0,0,0,0,0,0,0,0,0,0,0,0,0,0,0,0,0,0,0,0,0,0,0,0,0
Risk analysis of water scarcity in artificial woodlands of semi-arid and arid China,"Zhang, Junze; Ding, Zhaowei; Luo, Mengting",,,,LAND USE POLICY,Apr-17,2017,63,,,,,324,330,,10.1016/j.landusepol.2017.02.008,,,0,0,0,0,0,0,0,0,0,0,0,0,0,0,0,0,0,0,0,0,0,0,0,0,0,0,0,0,0,0,0,0,0,0,0,0,0,0,0,0,0,0,0,0,0,0,0,0,0,0,0,0,0,0,0,0,0,0,0,0,0,0,0,0,0,0,0,0,0,0,0,0,0,0,0,0,0,0,0,0,0,0,0,0,0,0,0,0,0,0,0,0,0,0,0,0,0,0,0,0,0,0,0,0,0,0,0,0,0,0,0,0,0,0,0,0,0,0,0,0,0
Application of MCDM for biologically based management scenario analysis in integrated catchment assessment and management,"Keshtkar, A. R.; Asefjah, Behnaz; Erfanifard, Yousef; Afzali, Ali",,,,DESALINATION AND WATER TREATMENT,Feb-17,2017,65,,,,,243,251,,10.5004/dwt.2017.20257,,,0,0,0,0,0,0,0,0,0,0,0,0,0,0,0,0,0,0,0,0,0,0,0,0,0,0,0,0,0,0,0,0,0,0,0,0,0,0,0,0,0,0,0,0,0,0,0,0,0,0,0,0,0,0,0,0,0,0,0,0,0,0,0,0,0,0,0,0,0,0,0,0,0,0,0,0,0,0,0,0,0,0,0,0,0,0,0,0,0,0,0,0,0,0,0,0,0,0,0,0,0,0,0,0,0,0,0,0,0,0,0,0,0,0,0,0,0,0,0,0,0
The Cattle-Wolf Dilemma: Interactions among Three Protected Species,"Becker, Nir; Farja, Yanay",,,,ENVIRONMENTAL MANAGEMENT,Feb-17,2017,59,2,,,,175,188,,10.1007/s00267-016-0784-1,,,0,0,0,0,0,0,0,0,0,0,0,0,0,0,0,0,0,0,0,0,0,0,0,0,0,0,0,0,0,0,0,0,0,0,0,0,0,0,0,0,0,0,0,0,0,0,0,0,0,0,0,0,0,0,0,0,0,0,0,0,0,0,0,0,0,0,0,0,0,0,0,0,0,0,0,0,0,0,0,0,0,0,0,0,0,0,0,0,0,0,0,0,0,0,0,0,0,0,0,0,0,0,0,0,0,0,0,0,0,0,0,0,0,0,0,0,0,0,0,0,0
Cultural Ecosystem Services of Rattan Garden: The Hidden Values,"Afentina, Afentina; McShane, Paul; Plahe, Jagjit; Wright, Wendy",,,,EUROPEAN JOURNAL OF SUSTAINABLE DEVELOPMENT,2017,2017,6,3,,,,360,372,,10.14207/ejsd.2017.v6n3p360,,,0,0,0,0,0,0,0,0,0,0,0,0,0,0,0,0,0,0,0,0,0,0,0,0,0,0,0,0,0,0,0,0,0,0,0,0,0,0,0,0,0,0,0,0,0,0,0,0,0,0,0,0,0,0,0,0,0,0,0,0,0,0,0,0,0,0,0,0,0,0,0,0,0,0,0,0,0,0,0,0,0,0,0,0,0,0,0,0,0,0,0,0,0,0,0,0,0,0,0,0,0,0,0,0,0,0,0,0,0,0,0,0,0,0,0,0,0,0,0,0,0
Methodological considerations and their application for evaluation of benefits from the conversion of even-age secondary Norway spruce stands into mixed uneven-aged woodlands with a focus on the Ukrainian Carpathians,"Zahvoyska, Lyudmyla; Pelyukh, Oksana; Maksymiv, Lyudmyla",,,,AUSTRIAN JOURNAL OF FOREST SCIENCE,2017,2017,134,,,,SI,251,281,,,,,0,0,0,0,0,0,0,0,0,0,0,0,0,0,0,0,0,0,0,0,0,0,0,0,0,0,0,0,0,0,0,0,0,0,0,0,0,0,0,0,0,0,0,0,0,0,0,0,0,0,0,0,0,0,0,0,0,0,0,0,0,0,0,0,0,0,0,0,0,0,0,0,0,0,0,0,0,0,0,0,0,0,0,0,0,0,0,0,0,0,0,0,0,0,0,0,0,0,0,0,0,0,0,0,0,0,0,0,0,0,0,0,0,0,0,0,0,0,0,0,0
Conservation Leverage: Ecological Design Culverts also Return Fiscal Benefits,"O'Shaughnessy, Eric; Landi, Matthew; Januchowski-Hartley, Stephanie R.; Diebel, Matthew",,,,FISHERIES,Dec-16,2016,41,12,,,,750,757,,10.1080/03632415.2016.1246875,,,0,0,0,0,0,0,0,0,0,0,0,0,0,0,0,0,0,0,0,0,0,0,0,0,0,0,0,0,0,0,0,0,0,0,0,0,0,0,0,0,0,0,0,0,0,0,0,0,0,0,0,0,0,0,0,0,0,0,0,0,0,0,0,0,0,0,0,0,0,0,0,0,0,0,0,0,0,0,0,0,0,0,0,0,0,0,0,0,0,0,0,0,0,0,0,0,0,0,0,0,0,0,0,0,0,0,0,0,0,0,0,0,0,0,0,0,0,0,0,0,0
Disease Control in Wildlife: Evaluating a Test and Cull Programme for Bovine Tuberculosis in African Buffalo,"le Roex, N.; Cooper, D.; van Helden, P. D.; Hoal, E. G.; Jolles, A. E.",,,,TRANSBOUNDARY AND EMERGING DISEASES,Dec-16,2016,63,6,,,,647,657,,10.1111/tbed.12329,,,0,0,0,0,0,0,0,0,0,0,0,0,0,0,0,0,0,0,0,0,0,0,0,0,0,0,0,0,0,0,0,0,0,0,0,0,0,0,0,0,0,0,0,0,0,0,0,0,0,0,0,0,0,0,0,0,0,0,0,0,0,0,0,0,0,0,0,0,0,0,0,0,0,0,0,0,0,0,0,0,0,0,0,0,0,0,0,0,0,0,0,0,0,0,0,0,0,0,0,0,0,0,0,0,0,0,0,0,0,0,0,0,0,0,0,0,0,0,0,0,0
Prioritizing land management efforts at a landscape scale: a case study using prescribed fire in Wisconsin,"Hmielowski, Tracy L.; Carter, Sarah K.; Spaul, Hannah; Helmers, David; Radeloff, Volker C.; Zedler, Paul",,,,ECOLOGICAL APPLICATIONS,Jun-16,2016,26,4,,,,1018,1029,,10.1890/15-0509,,,0,0,0,0,0,0,0,0,0,0,0,0,0,0,0,0,0,0,0,0,0,0,0,0,0,0,0,0,0,0,0,0,0,0,0,0,0,0,0,0,0,0,0,0,0,0,0,0,0,0,0,0,0,0,0,0,0,0,0,0,0,0,0,0,0,0,0,0,0,0,0,0,0,0,0,0,0,0,0,0,0,0,0,0,0,0,0,0,0,0,0,0,0,0,0,0,0,0,0,0,0,0,0,0,0,0,0,0,0,0,0,0,0,0,0,0,0,0,0,0,0
Proxies in Practice: Calibration and Validation of Multiple Indices of Animal Abundance,"Falcy, Matthew R.; McCormick, Joshua L.; Miller, Shelly A.",,,,JOURNAL OF FISH AND WILDLIFE MANAGEMENT,Jun-16,2016,7,1,,,,117,128,,10.3996/092015-JFWM-090,,,0,0,0,0,0,0,0,0,0,0,0,0,0,0,0,0,0,0,0,0,0,0,0,0,0,0,0,0,0,0,0,0,0,0,0,0,0,0,0,0,0,0,0,0,0,0,0,0,0,0,0,0,0,0,0,0,0,0,0,0,0,0,0,0,0,0,0,0,0,0,0,0,0,0,0,0,0,0,0,0,0,0,0,0,0,0,0,0,0,0,0,0,0,0,0,0,0,0,0,0,0,0,0,0,0,0,0,0,0,0,0,0,0,0,0,0,0,0,0,0,0
"Ecosystem-Based Adaptation and Disaster Risk Reduction: Costs and Benefits of Participatory Ecosystem Services Scenarios for Sumava National Park, Czech Republic","Harmackova, Zuzana V.; Lorencova, Eliska Krkoska; Vackar, David",,,"Renaud, FG; SudmeierRieux, K; Estrella, M; Nehren, U",ECOSYSTEM-BASED DISASTER RISK REDUCTION AND ADAPTATION IN PRACTICE,2016,2016,42,,,,,99,129,,10.1007/978-3-319-43633-3_5,,,0,0,0,0,0,0,0,0,0,0,0,0,0,0,0,0,0,0,0,0,0,0,0,0,0,0,0,0,0,0,0,0,0,0,0,0,0,0,0,0,0,0,0,0,0,0,0,0,0,0,0,0,0,0,0,0,0,0,0,0,0,0,0,0,0,0,0,0,0,0,0,0,0,0,0,0,0,0,0,0,0,0,0,0,0,0,0,0,0,0,0,0,0,0,0,0,0,0,0,0,0,0,0,0,0,0,0,0,0,0,0,0,0,0,0,0,0,0,0,0,0
Is the Ecological and Economic Approach for the Restoration of Collapsed Gullies in Southern China Really Economic?,"Wang, Chengchao; Zhang, Yaoqi; Xu, Yecheng; Yang, Qichun",,,,SUSTAINABILITY,Aug-15,2015,7,8,,,,10308,10323,,10.3390/su70810308,,,0,0,0,0,0,0,0,0,0,0,0,0,0,0,0,0,0,0,0,0,0,0,0,0,0,0,0,0,0,0,0,0,0,0,0,0,0,0,0,0,0,0,0,0,0,0,0,0,0,0,0,0,0,0,0,0,0,0,0,0,0,0,0,0,0,0,0,0,0,0,0,0,0,0,0,0,0,0,0,0,0,0,0,0,0,0,0,0,0,0,0,0,0,0,0,0,0,0,0,0,0,0,0,0,0,0,0,0,0,0,0,0,0,0,0,0,0,0,0,0,0
The Online Media Perspective on Animal and Vehicle Accidents in Brazilian Highways: a Matter of Safety?,"de Freitas, Simone Rodrigues; Barszcz, Leonardo Beltrao",,,,DESENVOLVIMENTO E MEIO AMBIENTE,Apr-15,2015,33,,,,,261,276,,10.5380/dma.v33i0.36910,,,0,0,0,0,0,0,0,0,0,0,0,0,0,0,0,0,0,0,0,0,0,0,0,0,0,0,0,0,0,0,0,0,0,0,0,0,0,0,0,0,0,0,0,0,0,0,0,0,0,0,0,0,0,0,0,0,0,0,0,0,0,0,0,0,0,0,0,0,0,0,0,0,0,0,0,0,0,0,0,0,0,0,0,0,0,0,0,0,0,0,0,0,0,0,0,0,0,0,0,0,0,0,0,0,0,0,0,0,0,0,0,0,0,0,0,0,0,0,0,0,0
Ecological Compensation Mechanism in Water Conservation Area: A Case Study of Dongjiang River,Kong Fanbin; Li Zhimeng,,,,ECONOMIC AND SOCIAL CHANGES-FACTS TRENDS FORECAST,2015,2015,39,3,,,,179,190,,,,,0,0,0,0,0,0,0,0,0,0,0,0,0,0,0,0,0,0,0,0,0,0,0,0,0,0,0,0,0,0,0,0,0,0,0,0,0,0,0,0,0,0,0,0,0,0,0,0,0,0,0,0,0,0,0,0,0,0,0,0,0,0,0,0,0,0,0,0,0,0,0,0,0,0,0,0,0,0,0,0,0,0,0,0,0,0,0,0,0,0,0,0,0,0,0,0,0,0,0,0,0,0,0,0,0,0,0,0,0,0,0,0,0,0,0,0,0,0,0,0,0
Joint Household Biogas CDM Mode Advancement Analysis,"Yang, Fan",,,"Chang, L; Guiran, C; Zhen, L","PROCEEDINGS OF THE 2015 INTERNATIONAL CONFERENCE ON MECHATRONICS, ELECTRONIC, INDUSTRIAL AND CONTROL ENGINEERING",2015,2015,8,,,,,578,582,,,"International Conference on Mechatronics, Electronic, Industrial and Control Engineering (MEIC)","APR 01-03, 2015",0,0,0,0,0,0,0,0,0,0,0,0,0,0,0,0,0,0,0,0,0,0,0,0,0,0,0,0,0,0,0,0,0,0,0,0,0,0,0,0,0,0,0,0,0,0,0,0,0,0,0,0,0,0,0,0,0,0,0,0,0,0,0,0,0,0,0,0,0,0,0,0,0,0,0,0,0,0,0,0,0,0,0,0,0,0,0,0,0,0,0,0,0,0,0,0,0,0,0,0,0,0,0,0,0,0,0,0,0,0,0,0,0,0,0,0,0,0,0,0,0
Taxonomic and Numerical Resolutions of Nepomorpha (Insecta: Heteroptera) in Cerrado Streams,"da Silva Giehl, Nubia Franca; Dias-Silva, Karina; Juen, Leandro; Batista, Joana Darc; Cabette, Helena Soares Ramos",,,,PLOS ONE,AUG 1 2014,2014,9,8,,,,,,e103623,10.1371/journal.pone.0103623,,,0,0,0,0,0,0,0,0,0,0,0,0,0,0,0,0,0,0,0,0,0,0,0,0,0,0,0,0,0,0,0,0,0,0,0,0,0,0,0,0,0,0,0,0,0,0,0,0,0,0,0,0,0,0,0,0,0,0,0,0,0,0,0,0,0,0,0,0,0,0,0,0,0,0,0,0,0,0,0,0,0,0,0,0,0,0,0,0,0,0,0,0,0,0,0,0,0,0,0,0,0,0,0,0,0,0,0,0,0,0,0,0,0,0,0,0,0,0,0,0,0
Geographical-Based Sewerage Needs Prioritization of Rural Areas: A Case Study of Wielkopolska Region (Poland),"Stepniewska, Malgorzata",,,,CLEAN-SOIL AIR WATER,Apr-14,2014,42,4,,,,513,520,,10.1002/clen.201300088,,,0,0,0,0,0,0,0,0,0,0,0,0,0,0,0,0,0,0,0,0,0,0,0,0,0,0,0,0,0,0,0,0,0,0,0,0,0,0,0,0,0,0,0,0,0,0,0,0,0,0,0,0,0,0,0,0,0,0,0,0,0,0,0,0,0,0,0,0,0,0,0,0,0,0,0,0,0,0,0,0,0,0,0,0,0,0,0,0,0,0,0,0,0,0,0,0,0,0,0,0,0,0,0,0,0,0,0,0,0,0,0,0,0,0,0,0,0,0,0,0,0
Coupling ecosystem valuation methods to the WAECO decision support system in the Zwalm Catchment (Belgium),"Goethals, PLM; Bouma, JJ; Francois, D; D'heygere, T; Dedecker, A; Adriaenssens, V; De Pauw, N",,,,"MODSIM 2003: INTERNATIONAL CONGRESS ON MODELLING AND SIMULATION, VOLS 1-4: VOL 1: NATURAL SYSTEMS, PT 1; VOL 2: NATURAL SYSTEMS, PT 2; VOL 3: SOCIO-ECONOMIC SYSTEMS; VOL 4: GENERAL SYSTEMS",2003,2003,,,,,,971,976,,,International Congress on Modelling and Simulation,"JUL 14-17, 2003",0,0,0,0,0,0,0,0,0,0,0,0,0,0,0,0,0,0,0,0,0,0,0,0,0,0,0,0,0,0,0,0,0,0,0,0,0,0,0,0,0,0,0,0,0,0,0,0,0,0,0,0,0,0,0,0,0,0,0,0,0,0,0,0,0,0,0,0,0,0,0,0,0,0,0,0,0,0,0,0,0,0,0,0,0,0,0,0,0,0,0,0,0,0,0,0,0,0,0,0,0,0,0,0,0,0,0,0,0,0,0,0,0,0,0,0,0,0,0,0,0
