TOPIC: (individual based model) AND TOPIC: (Epidemi*),,,,,,,,,,,,,,,,,,,,,,,,,,,,,,,,,,,,,,,,,,,,,,,,,,,,,,,,,,,,,,,,,,,,,,,,,,,,,,,,,,,,,,,,,,,,,,,,,,,,,,,,,,,,,,,,,,,,,,,,,,,,,,,,,,,,,,,,,,,
null,,,,,,,,,,,,,,,,,,,,,,,,,,,,,,,,,,,,,,,,,,,,,,,,,,,,,,,,,,,,,,,,,,,,,,,,,,,,,,,,,,,,,,,,,,,,,,,,,,,,,,,,,,,,,,,,,,,,,,,,,,,,,,,,,,,,,,,,,,,
"Timespan=All years. Indexes=SCI-EXPANDED, SSCI, A&HCI, CPCI-S, CPCI-SSH, BKCI-S, BKCI-SSH, ESCI, CCR-EXPANDED, IC.",,,,,,,,,,,,,,,,,,,,,,,,,,,,,,,,,,,,,,,,,,,,,,,,,,,,,,,,,,,,,,,,,,,,,,,,,,,,,,,,,,,,,,,,,,,,,,,,,,,,,,,,,,,,,,,,,,,,,,,,,,,,,,,,,,,,,,,,,,,
,,,,,,,,,,,,,,,,,,,,,,,,,,,,,,,,,,,,,,,,,,,,,,,,,,,,,,,,,,,,,,,,,,,,,,,,,,,,,,,,,,,,,,,,,,,,,,,,,,,,,,,,,,,,,,,,,,,,,,,,,,,,,,,,,,,,,,,,,,,
,,,,,,,,,,,,,,,,,,,,,,,,,,,,,,,,,,,,,,,,,,,,,,,,,,,,,,,,,,,,,,,,,,,,,,,,,,,,,,,,,,,,,,,,,,,,,,,,,,,,,,,,,,,,,,,,,,,,,,,,,,,,,,,,,,,,,,,,,,,
,,,,,,,,,,,,,,,,,,,,,,,,,,,,,,,,,,,,,,,,,,,,,,,,,,,,,,,,,,,,,,,,,,,,,,,,,,,,,,,,,,,,,,,,,,,,,,,,,,,,,,,,,,,,,,,,,,,,,,,,,,,,,,,,,,,,,,,,,,,
,,Total Publications by Year,,,,,,,,,Sum of Times Cited by Year,,,,,,,,,,,,,,,,,,,,,,,,,,,,,,,,,,,,,,,,,,,,,,,,,,,,,,,,,,,,,,,,,,,,,,,,,,,,,,,,,,,,,,,,,,,,,,,,,,,,,,,,,,,,,,,,,,,,,,,,,,,,,,,,
,,,,,,,,,,,,,,,,,,,,,,,,,,,,,,,,,,,,,,,,,,,,,,,,,,,,,,,,,,,,,,,,,,,,,,,,,,,,,,,,,,,,,,,,,,,,,,,,,,,,,,,,,,,,,,,,,,,,,,,,,,,,,,,,,,,,,,,,,,,
,,,,,,,,,,,,,,,,,,,,,,,,,,,,,,,,,,,,,,,,,,,,,,,,,,,,,,,,,,,,,,,,,,,,,,,,,,,,,,,,,,,,,,,,,,,,,,,,,,,,,,,,,,,,,,,,,,,,,,,,,,,,,,,,,,,,,,,,,,,
,,,,,,,,,,,,,,,,,,,,,,,,,,,,,,,,,,,,,,,,,,,,,,,,,,,,,,,,,,,,,,,,,,,,,,,,,,,,,,,,,,,,,,,,,,,,,,,,,,,,,,,,,,,,,,,,,,,,,,,,,,,,,,,,,,,,,,,,,,,
,,,,,,,,,,,,,,,,,,,,,,,,,,,,,,,,,,,,,,,,,,,,,,,,,,,,,,,,,,,,,,,,,,,,,,,,,,,,,,,,,,,,,,,,,,,,,,,,,,,,,,,,,,,,,,,,,,,,,,,,,,,,,,,,,,,,,,,,,,,
,,,,,,,,,,,,,,,,,,,,,,,,,,,,,,,,,,,,,,,,,,,,,,,,,,,,,,,,,,,,,,,,,,,,,,,,,,,,,,,,,,,,,,,,,,,,,,,,,,,,,,,,,,,,,,,,,,,,,,,,,,,,,,,,,,,,,,,,,,,
,,,,,,,,,,,,,,,,,,,,,,,,,,,,,,,,,,,,,,,,,,,,,,,,,,,,,,,,,,,,,,,,,,,,,,,,,,,,,,,,,,,,,,,,,,,,,,,,,,,,,,,,,,,,,,,,,,,,,,,,,,,,,,,,,,,,,,,,,,,
,,,,,,,,,,,,,,,,,,,,,,,,,,,,,,,,,,,,,,,,,,,,,,,,,,,,,,,,,,,,,,,,,,,,,,,,,,,,,,,,,,,,,,,,,,,,,,,,,,,,,,,,,,,,,,,,,,,,,,,,,,,,,,,,,,,,,,,,,,,
,,,,,,,,,,,,,,,,,,,,,,,,,,,,,,,,,,,,,,,,,,,,,,,,,,,,,,,,,,,,,,,,,,,,,,,,,,,,,,,,,,,,,,,,,,,,,,,,,,,,,,,,,,,,,,,,,,,,,,,,,,,,,,,,,,,,,,,,,,,
,,,,,,,,,,,,,,,,,,,,,,,,,,,,,,,,,,,,,,,,,,,,,,,,,,,,,,,,,,,,,,,,,,,,,,,,,,,,,,,,,,,,,,,,,,,,,,,,,,,,,,,,,,,,,,,,,,,,,,,,,,,,,,,,,,,,,,,,,,,
,,,,,,,,,,,,,,,,,,,,,,,,,,,,,,,,,,,,,,,,,,,,,,,,,,,,,,,,,,,,,,,,,,,,,,,,,,,,,,,,,,,,,,,,,,,,,,,,,,,,,,,,,,,,,,,,,,,,,,,,,,,,,,,,,,,,,,,,,,,
,,,,,,,,,,,,,,,,,,,,,,,,,,,,,,,,,,,,,,,,,,,,,,,,,,,,,,,,,,,,,,,,,,,,,,,,,,,,,,,,,,,,,,,,,,,,,,,,,,,,,,,,,,,,,,,,,,,,,,,,,,,,,,,,,,,,,,,,,,,
,,,,,,,,,,,,,,,,,,,,,,,,,,,,,,,,,,,,,,,,,,,,,,,,,,,,,,,,,,,,,,,,,,,,,,,,,,,,,,,,,,,,,,,,,,,,,,,,,,,,,,,,,,,,,,,,,,,,,,,,,,,,,,,,,,,,,,,,,,,
,,,,,,,,,,,,,,,,,,,,,,,,,,,,,,,,,,,,,,,,,,,,,,,,,,,,,,,,,,,,,,,,,,,,,,,,,,,,,,,,,,,,,,,,,,,,,,,,,,,,,,,,,,,,,,,,,,,,,,,,,,,,,,,,,,,,,,,,,,,
,,,,,,,,,,,,,,,,,,,,,,,,,,,,,,,,,,,,,,,,,,,,,,,,,,,,,,,,,,,,,,,,,,,,,,,,,,,,,,,,,,,,,,,,,,,,,,,,,,,,,,,,,,,,,,,,,,,,,,,,,,,,,,,,,,,,,,,,,,,
,,,,,,,,,,,,,,,,,,,,,,,,,,,,,,,,,,,,,,,,,,,,,,,,,,,,,,,,,,,,,,,,,,,,,,,,,,,,,,,,,,,,,,,,,,,,,,,,,,,,,,,,,,,,,,,,,,,,,,,,,,,,,,,,,,,,,,,,,,,
,,,,,,,,,,,,,,,,,,,,,,,,,,,,,,,,,,,,,,,,,,,,,,,,,,,,,,,,,,,,,,,,,,,,,,,,,,,,,,,,,,,,,,,,,,,,,,,,,,,,,,,,,,,,,,,,,,,,,,,,,,,,,,,,,,,,,,,,,,,
Results found,122,,,,,,,,,,,,,,,,,,,,,,,,,,,,,,,,,,,,,,,,,,,,,,,,,,,,,,,,,,,,,,,,,,,,,,,,,,,,,,,,,,,,,,,,,,,,,,,,,,,,,,,,,,,,,,,,,,,,,,,,,,,,,,,,,,,,,,,,,,
Sum of the Times Cited,1802,,,,,,,,,,,,,,,,,,,,,,,,,,,,,,,,,,,,,,,,,,,,,,,,,,,,,,,,,,,,,,,,,,,,,,,,,,,,,,,,,,,,,,,,,,,,,,,,,,,,,,,,,,,,,,,,,,,,,,,,,,,,,,,,,,,,,,,,,,
Average Citations per Item,14.77,,,,,,,,,,,,,,,,,,,,,,,,,,,,,,,,,,,,,,,,,,,,,,,,,,,,,,,,,,,,,,,,,,,,,,,,,,,,,,,,,,,,,,,,,,,,,,,,,,,,,,,,,,,,,,,,,,,,,,,,,,,,,,,,,,,,,,,,,,
h-index,23,,,,,,,,,,,,,,,,,,,,,,,,,,,,,,,,,,,,,,,,,,,,,,,,,,,,,,,,,,,,,,,,,,,,,,,,,,,,,,,,,,,,,,,,,,,,,,,,,,,,,,,,,,,,,,,,,,,,,,,,,,,,,,,,,,,,,,,,,,
,,,,,,,,,,,,,,,,,,,,,,,,,,,,,,,,,,,,,,,,,,,,,,,,,,,,,,,,,,,,,,,,,,,,,,,,,,,,,,,,,,,,,,,,,,,,,,,,,,,,,,,,,,,,,,,,,,,,,,,,,,,,,,,,,,,,,,,,,,,
Title,Authors,Corporate Authors,Editors,Book Editors,Source Title,Publication Date,Publication Year,Volume,Issue,Part Number,Supplement,Special Issue,Beginning Page,Ending Page,Article Number,DOI,Conference Title,Conference Date,Total Citations,Average per Year,1900,1901,1902,1903,1904,1905,1906,1907,1908,1909,1910,1911,1912,1913,1914,1915,1916,1917,1918,1919,1920,1921,1922,1923,1924,1925,1926,1927,1928,1929,1930,1931,1932,1933,1934,1935,1936,1937,1938,1939,1940,1941,1942,1943,1944,1945,1946,1947,1948,1949,1950,1951,1952,1953,1954,1955,1956,1957,1958,1959,1960,1961,1962,1963,1964,1965,1966,1967,1968,1969,1970,1971,1972,1973,1974,1975,1976,1977,1978,1979,1980,1981,1982,1983,1984,1985,1986,1987,1988,1989,1990,1991,1992,1993,1994,1995,1996,1997,1998,1999,2000,2001,2002,2003,2004,2005,2006,2007,2008,2009,2010,2011,2012,2013,2014,2015,2016,2017,2018
From individuals to population densities: Searching for the intermediate scale of nontrivial determinism,"Pascual, M; Levin, SA",,,,ECOLOGY,OCT 1999,1999,80,7,,,,2225,2236,,10.1890/0012-9658(1999)080[2225:FITPDS]2.0.CO;2,,,85,4.47,0,0,0,0,0,0,0,0,0,0,0,0,0,0,0,0,0,0,0,0,0,0,0,0,0,0,0,0,0,0,0,0,0,0,0,0,0,0,0,0,0,0,0,0,0,0,0,0,0,0,0,0,0,0,0,0,0,0,0,0,0,0,0,0,0,0,0,0,0,0,0,0,0,0,0,0,0,0,0,0,0,0,0,0,0,0,0,0,0,0,0,0,0,0,0,0,0,0,0,1,4,9,7,9,3,9,5,3,3,6,5,5,2,2,4,4,2,2,0
The role of population heterogeneity and human mobility in the spread of pandemic influenza,"Merler, Stefano; Ajelli, Marco",,,,PROCEEDINGS OF THE ROYAL SOCIETY B-BIOLOGICAL SCIENCES,FEB 22 2010,2010,277,1681,,,,557,565,,10.1098/rspb.2009.1605,,,79,9.88,0,0,0,0,0,0,0,0,0,0,0,0,0,0,0,0,0,0,0,0,0,0,0,0,0,0,0,0,0,0,0,0,0,0,0,0,0,0,0,0,0,0,0,0,0,0,0,0,0,0,0,0,0,0,0,0,0,0,0,0,0,0,0,0,0,0,0,0,0,0,0,0,0,0,0,0,0,0,0,0,0,0,0,0,0,0,0,0,0,0,0,0,0,0,0,0,0,0,0,0,0,0,0,0,0,0,0,0,0,0,6,10,12,14,13,7,13,4,0
Modelling the spatial dynamics of parapoxvirus disease in red and grey squirrels: a possible cause of the decline in the red squirrel in the UK?,"Rushton, SP; Lurz, PWW; Gurnell, J; Fuller, R",,,,JOURNAL OF APPLIED ECOLOGY,DEC 2000,2000,37,6,,,,997,1012,,10.1046/j.1365-2664.2000.00553.x,,,79,4.39,0,0,0,0,0,0,0,0,0,0,0,0,0,0,0,0,0,0,0,0,0,0,0,0,0,0,0,0,0,0,0,0,0,0,0,0,0,0,0,0,0,0,0,0,0,0,0,0,0,0,0,0,0,0,0,0,0,0,0,0,0,0,0,0,0,0,0,0,0,0,0,0,0,0,0,0,0,0,0,0,0,0,0,0,0,0,0,0,0,0,0,0,0,0,0,0,0,0,0,0,0,0,7,10,5,7,4,2,3,9,4,5,4,3,6,4,6,0,0
Modeling antibiotic resistance in hospitals: The impact of minimizing treatment duration,"D'Agata, Erika M. C.; Magal, Pierre; Olivier, Damien; Ruan, Shigui; Webb, Glenn F.",,,,JOURNAL OF THEORETICAL BIOLOGY,DEC 7 2007,2007,249,3,,,,487,499,,10.1016/j.jtbi.2007.08.011,,,66,6,0,0,0,0,0,0,0,0,0,0,0,0,0,0,0,0,0,0,0,0,0,0,0,0,0,0,0,0,0,0,0,0,0,0,0,0,0,0,0,0,0,0,0,0,0,0,0,0,0,0,0,0,0,0,0,0,0,0,0,0,0,0,0,0,0,0,0,0,0,0,0,0,0,0,0,0,0,0,0,0,0,0,0,0,0,0,0,0,0,0,0,0,0,0,0,0,0,0,0,0,0,0,0,0,0,0,0,0,1,4,5,10,8,10,9,5,7,7,0
Simulation suggests that rapid activation of social distancing can arrest epidemic development due to a novel strain of influenza,"Kelso, Joel K.; Milne, George J.; Kelly, Heath",,,,BMC PUBLIC HEALTH,APR 29 2009,2009,9,,,,,,,117,10.1186/1471-2458-9-117,,,61,6.78,0,0,0,0,0,0,0,0,0,0,0,0,0,0,0,0,0,0,0,0,0,0,0,0,0,0,0,0,0,0,0,0,0,0,0,0,0,0,0,0,0,0,0,0,0,0,0,0,0,0,0,0,0,0,0,0,0,0,0,0,0,0,0,0,0,0,0,0,0,0,0,0,0,0,0,0,0,0,0,0,0,0,0,0,0,0,0,0,0,0,0,0,0,0,0,0,0,0,0,0,0,0,0,0,0,0,0,0,0,6,11,9,8,13,2,5,5,2,0
Interactions matter - complexity in landscapes and ecosystems,"Green, DG; Sadedin, S",,,,ECOLOGICAL COMPLEXITY,JUN 2005,2005,2,2,,,,117,130,,10.1016/j.ecocom.2004.11.006,6th World Congress of the International-Association-for-Landscape-Ecology (IALE),"JUL 13-17, 2003",61,4.69,0,0,0,0,0,0,0,0,0,0,0,0,0,0,0,0,0,0,0,0,0,0,0,0,0,0,0,0,0,0,0,0,0,0,0,0,0,0,0,0,0,0,0,0,0,0,0,0,0,0,0,0,0,0,0,0,0,0,0,0,0,0,0,0,0,0,0,0,0,0,0,0,0,0,0,0,0,0,0,0,0,0,0,0,0,0,0,0,0,0,0,0,0,0,0,0,0,0,0,0,0,0,0,0,0,2,2,6,4,3,9,10,3,5,5,5,1,6,0
"Male circumcision for HIV prevention in sub-Saharan Africa: who, what and when?","White, Richard G.; Glynn, Judith R.; Orroth, Kate K.; Freeman, Esther E.; Bakker, Roel; Weiss, Helen A.; Kumaranayake, Lilani; Habbema, J. Dik F.; Buve, Anne; Hayes, Richard J.",,,,AIDS,SEP 12 2008,2008,22,14,,,,1841,1850,,10.1097/QAD.0b013e32830e0137,,,60,6,0,0,0,0,0,0,0,0,0,0,0,0,0,0,0,0,0,0,0,0,0,0,0,0,0,0,0,0,0,0,0,0,0,0,0,0,0,0,0,0,0,0,0,0,0,0,0,0,0,0,0,0,0,0,0,0,0,0,0,0,0,0,0,0,0,0,0,0,0,0,0,0,0,0,0,0,0,0,0,0,0,0,0,0,0,0,0,0,0,0,0,0,0,0,0,0,0,0,0,0,0,0,0,0,0,0,0,0,0,5,6,13,7,7,7,6,7,2,0
Comparing large-scale computational approaches to epidemic modeling: Agent-based versus structured metapopulation models,"Ajelli, Marco; Goncalves, Bruno; Balcan, Duygu; Colizza, Vittoria; Hu, Hao; Ramasco, Jose J.; Merler, Stefano; Vespignani, Alessandro",,,,BMC INFECTIOUS DISEASES,JUN 29 2010,2010,10,,,,,,,190,10.1186/1471-2334-10-190,,,56,7,0,0,0,0,0,0,0,0,0,0,0,0,0,0,0,0,0,0,0,0,0,0,0,0,0,0,0,0,0,0,0,0,0,0,0,0,0,0,0,0,0,0,0,0,0,0,0,0,0,0,0,0,0,0,0,0,0,0,0,0,0,0,0,0,0,0,0,0,0,0,0,0,0,0,0,0,0,0,0,0,0,0,0,0,0,0,0,0,0,0,0,0,0,0,0,0,0,0,0,0,0,0,0,0,0,0,0,0,0,0,1,3,9,9,8,14,10,2,0
Pattern formation triggered by rare events: Lessons from the spread of rabies,"Jeltsch, F; Muller, MS; Grimm, V; Wissel, C; Brandl, R",,,,PROCEEDINGS OF THE ROYAL SOCIETY B-BIOLOGICAL SCIENCES,APR 22 1997,1997,264,1381,,,,495,503,,,,,51,2.43,0,0,0,0,0,0,0,0,0,0,0,0,0,0,0,0,0,0,0,0,0,0,0,0,0,0,0,0,0,0,0,0,0,0,0,0,0,0,0,0,0,0,0,0,0,0,0,0,0,0,0,0,0,0,0,0,0,0,0,0,0,0,0,0,0,0,0,0,0,0,0,0,0,0,0,0,0,0,0,0,0,0,0,0,0,0,0,0,0,0,0,0,0,0,0,0,0,0,1,6,3,3,4,4,3,3,1,2,1,5,0,1,0,4,5,1,2,2,0
An individual-based model of Plasmodium falciparum malaria transmission on the coast of Kenya,"Gu, WD; Killeen, GF; Mbogo, CM; Regens, JL; Githure, JI; Beier, JC",,,,TRANSACTIONS OF THE ROYAL SOCIETY OF TROPICAL MEDICINE AND HYGIENE,JAN-FEB 2003,2003,97,1,,,,43,50,,10.1016/S0035-9203(03)90018-6,Meeting of the Royal-Society-of-Tropical-Medicine-and-Hygiene,"MAY   17, 2001",45,3,0,0,0,0,0,0,0,0,0,0,0,0,0,0,0,0,0,0,0,0,0,0,0,0,0,0,0,0,0,0,0,0,0,0,0,0,0,0,0,0,0,0,0,0,0,0,0,0,0,0,0,0,0,0,0,0,0,0,0,0,0,0,0,0,0,0,0,0,0,0,0,0,0,0,0,0,0,0,0,0,0,0,0,0,0,0,0,0,0,0,0,0,0,0,0,0,0,0,0,0,0,0,0,0,3,2,2,3,2,3,5,4,2,4,4,6,3,2,0
Evaluation of surveillance strategies for bovine tuberculosis (Mycobacterium bovis) using an individual based epidemiological model,"Fischer, EAJ; van Roermund, HJW; Hemerik, L; van Asseldonk, MAPM; de Jong, MCM",,,,PREVENTIVE VETERINARY MEDICINE,MAR 15 2005,2005,67,4,,,,283,301,,10.1016/j.prevetmed.2004.12.002,,,44,3.38,0,0,0,0,0,0,0,0,0,0,0,0,0,0,0,0,0,0,0,0,0,0,0,0,0,0,0,0,0,0,0,0,0,0,0,0,0,0,0,0,0,0,0,0,0,0,0,0,0,0,0,0,0,0,0,0,0,0,0,0,0,0,0,0,0,0,0,0,0,0,0,0,0,0,0,0,0,0,0,0,0,0,0,0,0,0,0,0,0,0,0,0,0,0,0,0,0,0,0,0,0,0,0,0,0,2,4,1,1,2,3,4,4,5,6,6,2,4,0
A model of bovine tuberculosis in the badger Meles meles: an evaluation of control strategies,"Smith, GC; Cheeseman, CL; Clifton-Hadley, RS; Wilkinson, D",,,,JOURNAL OF APPLIED ECOLOGY,JUN 2001,2001,38,3,,,,509,519,,10.1046/j.1365-2664.2001.00609.x,,,42,2.47,0,0,0,0,0,0,0,0,0,0,0,0,0,0,0,0,0,0,0,0,0,0,0,0,0,0,0,0,0,0,0,0,0,0,0,0,0,0,0,0,0,0,0,0,0,0,0,0,0,0,0,0,0,0,0,0,0,0,0,0,0,0,0,0,0,0,0,0,0,0,0,0,0,0,0,0,0,0,0,0,0,0,0,0,0,0,0,0,0,0,0,0,0,0,0,0,0,0,0,0,0,1,5,2,2,5,3,6,0,1,2,1,2,3,3,2,4,0,0
Analysis of the effectiveness of interventions used during the 2009 A/H1N1 influenza pandemic,"Halder, Nilimesh; Kelso, Joel K.; Milne, George J.",,,,BMC PUBLIC HEALTH,MAR 29 2010,2010,10,,,,,,,168,10.1186/1471-2458-10-168,,,41,5.12,0,0,0,0,0,0,0,0,0,0,0,0,0,0,0,0,0,0,0,0,0,0,0,0,0,0,0,0,0,0,0,0,0,0,0,0,0,0,0,0,0,0,0,0,0,0,0,0,0,0,0,0,0,0,0,0,0,0,0,0,0,0,0,0,0,0,0,0,0,0,0,0,0,0,0,0,0,0,0,0,0,0,0,0,0,0,0,0,0,0,0,0,0,0,0,0,0,0,0,0,0,0,0,0,0,0,0,0,0,0,3,9,9,8,6,2,1,3,0
"Nest architecture, activity pattern, worker density and the dynamics of disease transmission in social insects","Pie, MR; Rosengaus, RB; Traniello, JFA",,,,JOURNAL OF THEORETICAL BIOLOGY,JAN 7 2004,2004,226,1,,,,45,51,,10.1016/j.jtbi.2003.08.002,,,38,2.71,0,0,0,0,0,0,0,0,0,0,0,0,0,0,0,0,0,0,0,0,0,0,0,0,0,0,0,0,0,0,0,0,0,0,0,0,0,0,0,0,0,0,0,0,0,0,0,0,0,0,0,0,0,0,0,0,0,0,0,0,0,0,0,0,0,0,0,0,0,0,0,0,0,0,0,0,0,0,0,0,0,0,0,0,0,0,0,0,0,0,0,0,0,0,0,0,0,0,0,0,0,0,0,0,0,2,1,3,6,4,2,1,3,2,4,4,2,4,0
A model of bovine tuberculosis in the badger Meles meles: the inclusion of cattle and the use of a live test,"Smith, GC; Cheeseman, CL; Wilkinson, D; Clifton-Hadley, RS",,,,JOURNAL OF APPLIED ECOLOGY,JUN 2001,2001,38,3,,,,520,535,,10.1046/j.1365-2664.2001.00610.x,,,34,2,0,0,0,0,0,0,0,0,0,0,0,0,0,0,0,0,0,0,0,0,0,0,0,0,0,0,0,0,0,0,0,0,0,0,0,0,0,0,0,0,0,0,0,0,0,0,0,0,0,0,0,0,0,0,0,0,0,0,0,0,0,0,0,0,0,0,0,0,0,0,0,0,0,0,0,0,0,0,0,0,0,0,0,0,0,0,0,0,0,0,0,0,0,0,0,0,0,0,0,0,0,0,4,1,3,1,2,6,3,3,1,0,3,1,3,1,2,0,0
Mitigation Measures for Pandemic Influenza in Italy: An Individual Based Model Considering Different Scenarios,"degli Atti, Marta Luisa Ciofi; Merler, Stefano; Rizzo, Caterina; Ajelli, Marco; Massari, Marco; Manfredi, Piero; Furlanello, Cesare; Tomba, Gianpaolo Scalia; Iannelli, Mimmo",,,,PLOS ONE,MAR 12 2008,2008,3,3,,,,,,e1790,10.1371/journal.pone.0001790,,,32,3.2,0,0,0,0,0,0,0,0,0,0,0,0,0,0,0,0,0,0,0,0,0,0,0,0,0,0,0,0,0,0,0,0,0,0,0,0,0,0,0,0,0,0,0,0,0,0,0,0,0,0,0,0,0,0,0,0,0,0,0,0,0,0,0,0,0,0,0,0,0,0,0,0,0,0,0,0,0,0,0,0,0,0,0,0,0,0,0,0,0,0,0,0,0,0,0,0,0,0,0,0,0,0,0,0,0,0,0,0,1,8,5,10,4,0,1,1,2,0,0
A minimal stochastic model for influenza evolution,"Tria, F; Lassig, M; Peliti, L; Franz, S",,,,JOURNAL OF STATISTICAL MECHANICS-THEORY AND EXPERIMENT,JUL 2005,2005,,,,,,,,P07008,10.1088/1742-5468/2005/07/P07008,,,32,2.46,0,0,0,0,0,0,0,0,0,0,0,0,0,0,0,0,0,0,0,0,0,0,0,0,0,0,0,0,0,0,0,0,0,0,0,0,0,0,0,0,0,0,0,0,0,0,0,0,0,0,0,0,0,0,0,0,0,0,0,0,0,0,0,0,0,0,0,0,0,0,0,0,0,0,0,0,0,0,0,0,0,0,0,0,0,0,0,0,0,0,0,0,0,0,0,0,0,0,0,0,0,0,0,0,0,0,3,1,0,2,3,3,6,4,3,2,3,2,0
Vaccination against foot-and-mouth disease I: Epidemiological consequences,"Backer, J. A.; Hagenaars, T. J.; Nodelijk, G.; van Roermund, H. J. W.",,,,PREVENTIVE VETERINARY MEDICINE,NOV 1 2012,2012,107,1-2,,,,27,40,,10.1016/j.prevetmed.2012.05.012,,,29,4.83,0,0,0,0,0,0,0,0,0,0,0,0,0,0,0,0,0,0,0,0,0,0,0,0,0,0,0,0,0,0,0,0,0,0,0,0,0,0,0,0,0,0,0,0,0,0,0,0,0,0,0,0,0,0,0,0,0,0,0,0,0,0,0,0,0,0,0,0,0,0,0,0,0,0,0,0,0,0,0,0,0,0,0,0,0,0,0,0,0,0,0,0,0,0,0,0,0,0,0,0,0,0,0,0,0,0,0,0,0,0,0,0,0,5,11,5,5,3,0
Little Italy: An Agent-Based Approach to the Estimation of Contact Patterns-Fitting Predicted Matrices to Serological Data,"Iozzi, Fabrizio; Trusiano, Francesco; Chinazzi, Matteo; Billari, Francesco C.; Zagheni, Emilio; Merler, Stefano; Ajelli, Marco; Del Fava, Emanuele; Manfredi, Piero",,,,PLOS COMPUTATIONAL BIOLOGY,DEC 2010,2010,6,12,,,,,,e1001021,10.1371/journal.pcbi.1001021,,,29,3.62,0,0,0,0,0,0,0,0,0,0,0,0,0,0,0,0,0,0,0,0,0,0,0,0,0,0,0,0,0,0,0,0,0,0,0,0,0,0,0,0,0,0,0,0,0,0,0,0,0,0,0,0,0,0,0,0,0,0,0,0,0,0,0,0,0,0,0,0,0,0,0,0,0,0,0,0,0,0,0,0,0,0,0,0,0,0,0,0,0,0,0,0,0,0,0,0,0,0,0,0,0,0,0,0,0,0,0,0,0,0,0,2,3,4,8,5,3,4,0
Transmission of Chlamydia trachomatis through sexual partnerships: a comparison between three individual-based models and empirical data,"Althaus, Christian L.; Turner, Katherine M. E.; Schmid, Boris V.; Heijne, Janneke C. M.; Kretzschmar, Mirjam; Low, Nicola",,,,JOURNAL OF THE ROYAL SOCIETY INTERFACE,JAN 7 2012,2012,9,66,,,,136,146,,10.1098/rsif.2011.0131,,,24,4,0,0,0,0,0,0,0,0,0,0,0,0,0,0,0,0,0,0,0,0,0,0,0,0,0,0,0,0,0,0,0,0,0,0,0,0,0,0,0,0,0,0,0,0,0,0,0,0,0,0,0,0,0,0,0,0,0,0,0,0,0,0,0,0,0,0,0,0,0,0,0,0,0,0,0,0,0,0,0,0,0,0,0,0,0,0,0,0,0,0,0,0,0,0,0,0,0,0,0,0,0,0,0,0,0,0,0,0,0,0,0,0,6,5,6,0,6,1,0
Potential impact of vaccination on the hepatitis C virus epidemic in injection drug users,"Hahn, Judith A.; Wylie, Dennis; Dill, Jesse; Sanchez, Maria S.; Lloyd-Smith, James O.; Page-Shafer, Kimberly; Getz, Wayne M.",,,,EPIDEMICS,MAR 2009,2009,1,1,,,,47,57,,10.1016/j.epidem.2008.10.002,,,24,2.67,0,0,0,0,0,0,0,0,0,0,0,0,0,0,0,0,0,0,0,0,0,0,0,0,0,0,0,0,0,0,0,0,0,0,0,0,0,0,0,0,0,0,0,0,0,0,0,0,0,0,0,0,0,0,0,0,0,0,0,0,0,0,0,0,0,0,0,0,0,0,0,0,0,0,0,0,0,0,0,0,0,0,0,0,0,0,0,0,0,0,0,0,0,0,0,0,0,0,0,0,0,0,0,0,0,0,0,0,0,1,2,0,4,4,4,4,5,0,0
Increased HIV Testing Will Modestly Reduce HIV Incidence among Gay Men in NSW and Would Be Acceptable if HIV Testing Becomes Convenient,"Gray, Richard T.; Prestage, Garrett P.; Down, Ian; Ghaus, Muhammad Haris; Hoare, Alexander; Bradley, Jack; Wilson, David P.",,,,PLOS ONE,FEB 15 2013,2013,8,2,,,,,,e55449,10.1371/journal.pone.0055449,,,23,4.6,0,0,0,0,0,0,0,0,0,0,0,0,0,0,0,0,0,0,0,0,0,0,0,0,0,0,0,0,0,0,0,0,0,0,0,0,0,0,0,0,0,0,0,0,0,0,0,0,0,0,0,0,0,0,0,0,0,0,0,0,0,0,0,0,0,0,0,0,0,0,0,0,0,0,0,0,0,0,0,0,0,0,0,0,0,0,0,0,0,0,0,0,0,0,0,0,0,0,0,0,0,0,0,0,0,0,0,0,0,0,0,0,0,1,7,10,5,0,0
An Agent-Based Model to study the epidemiological and evolutionary dynamics of Influenza viruses,"Roche, Benjamin; Drake, John M.; Rohani, Pejman",,,,BMC BIOINFORMATICS,MAR 30 2011,2011,12,,,,,,,87,10.1186/1471-2105-12-87,,,23,3.29,0,0,0,0,0,0,0,0,0,0,0,0,0,0,0,0,0,0,0,0,0,0,0,0,0,0,0,0,0,0,0,0,0,0,0,0,0,0,0,0,0,0,0,0,0,0,0,0,0,0,0,0,0,0,0,0,0,0,0,0,0,0,0,0,0,0,0,0,0,0,0,0,0,0,0,0,0,0,0,0,0,0,0,0,0,0,0,0,0,0,0,0,0,0,0,0,0,0,0,0,0,0,0,0,0,0,0,0,0,0,0,0,0,4,4,7,7,1,0
Economic modelling assessment of the HPV quadrivalent vaccine in Brazil: A dynamic individual-based approach,"Vanni, Tazio; Luz, Paula Mendes; Foss, Anna; Mesa-Frias, Marco; Legood, Rosa",,,,VACCINE,JUL 6 2012,2012,30,32,,,,4866,4871,,10.1016/j.vaccine.2012.04.087,,,22,3.67,0,0,0,0,0,0,0,0,0,0,0,0,0,0,0,0,0,0,0,0,0,0,0,0,0,0,0,0,0,0,0,0,0,0,0,0,0,0,0,0,0,0,0,0,0,0,0,0,0,0,0,0,0,0,0,0,0,0,0,0,0,0,0,0,0,0,0,0,0,0,0,0,0,0,0,0,0,0,0,0,0,0,0,0,0,0,0,0,0,0,0,0,0,0,0,0,0,0,0,0,0,0,0,0,0,0,0,0,0,0,0,0,2,4,4,7,1,4,0
Age-prioritized use of antivirals during an influenza pandemic,"Merler, Stefano; Ajelli, Marco; Rizzo, Caterina",,,,BMC INFECTIOUS DISEASES,JUL 28 2009,2009,9,,,,,,,117,10.1186/1471-2334-9-117,,,22,2.44,0,0,0,0,0,0,0,0,0,0,0,0,0,0,0,0,0,0,0,0,0,0,0,0,0,0,0,0,0,0,0,0,0,0,0,0,0,0,0,0,0,0,0,0,0,0,0,0,0,0,0,0,0,0,0,0,0,0,0,0,0,0,0,0,0,0,0,0,0,0,0,0,0,0,0,0,0,0,0,0,0,0,0,0,0,0,0,0,0,0,0,0,0,0,0,0,0,0,0,0,0,0,0,0,0,0,0,0,0,0,3,5,4,1,4,2,2,1,0
Individual variations in infectiousness explain long-term disease persistence in wildlife populations,"Kramer-Schadt, Stephanie; Fernandez, Nestor; Eisinger, Dirk; Grimm, Volker; Thulke, Hans-Hermann",,,,OIKOS,FEB 2009,2009,118,2,,,,199,208,,10.1111/j.1600-0706.2008.16582.x,,,22,2.44,0,0,0,0,0,0,0,0,0,0,0,0,0,0,0,0,0,0,0,0,0,0,0,0,0,0,0,0,0,0,0,0,0,0,0,0,0,0,0,0,0,0,0,0,0,0,0,0,0,0,0,0,0,0,0,0,0,0,0,0,0,0,0,0,0,0,0,0,0,0,0,0,0,0,0,0,0,0,0,0,0,0,0,0,0,0,0,0,0,0,0,0,0,0,0,0,0,0,0,0,0,0,0,0,0,0,0,0,0,0,2,4,6,3,1,1,3,2,0
The maintenance of sex in parasites,"Galvani, AP; Coleman, RM; Ferguson, NM",,,,PROCEEDINGS OF THE ROYAL SOCIETY B-BIOLOGICAL SCIENCES,JAN 7 2003,2003,270,1510,,,,19,28,,10.1098/rspb.2002.2182,,,22,1.47,0,0,0,0,0,0,0,0,0,0,0,0,0,0,0,0,0,0,0,0,0,0,0,0,0,0,0,0,0,0,0,0,0,0,0,0,0,0,0,0,0,0,0,0,0,0,0,0,0,0,0,0,0,0,0,0,0,0,0,0,0,0,0,0,0,0,0,0,0,0,0,0,0,0,0,0,0,0,0,0,0,0,0,0,0,0,0,0,0,0,0,0,0,0,0,0,0,0,0,0,0,0,0,0,3,1,2,3,3,2,2,0,2,1,1,1,1,0,0
"COSMOS, a spatially explicit model to simulate the epidemiology of Cosmopolites sordidus in banana fields","Vinatier, Fabrice; Tixier, Philippe; Le Page, Christophe; Duyck, Pierre-Francois; Lescourret, Francoise",,,,ECOLOGICAL MODELLING,SEP 24 2009,2009,220,18,,,,2244,2254,,10.1016/j.ecolmodel.2009.06.023,,,21,2.33,0,0,0,0,0,0,0,0,0,0,0,0,0,0,0,0,0,0,0,0,0,0,0,0,0,0,0,0,0,0,0,0,0,0,0,0,0,0,0,0,0,0,0,0,0,0,0,0,0,0,0,0,0,0,0,0,0,0,0,0,0,0,0,0,0,0,0,0,0,0,0,0,0,0,0,0,0,0,0,0,0,0,0,0,0,0,0,0,0,0,0,0,0,0,0,0,0,0,0,0,0,0,0,0,0,0,0,0,0,0,2,6,3,2,3,3,1,1,0
The opportunistic transmission of wireless worms between mobile devices,"Rhodes, C. J.; Nekovee, M.",,,,PHYSICA A-STATISTICAL MECHANICS AND ITS APPLICATIONS,DEC 1 2008,2008,387,27,,,,6837,6844,,10.1016/j.physa.2008.09.017,,,20,2,0,0,0,0,0,0,0,0,0,0,0,0,0,0,0,0,0,0,0,0,0,0,0,0,0,0,0,0,0,0,0,0,0,0,0,0,0,0,0,0,0,0,0,0,0,0,0,0,0,0,0,0,0,0,0,0,0,0,0,0,0,0,0,0,0,0,0,0,0,0,0,0,0,0,0,0,0,0,0,0,0,0,0,0,0,0,0,0,0,0,0,0,0,0,0,0,0,0,0,0,0,0,0,0,0,0,0,0,0,0,0,3,1,3,3,6,3,1,0
"A fully coupled, mechanistic model for infectious disease dynamics in a metapopulation: Movement and epidemic duration","Jesse, M.; Ezanno, P.; Davis, S.; Heesterbeek, J. A. P.",,,,JOURNAL OF THEORETICAL BIOLOGY,SEP 21 2008,2008,254,2,,,,331,338,,10.1016/j.jtbi.2008.05.038,,,19,1.9,0,0,0,0,0,0,0,0,0,0,0,0,0,0,0,0,0,0,0,0,0,0,0,0,0,0,0,0,0,0,0,0,0,0,0,0,0,0,0,0,0,0,0,0,0,0,0,0,0,0,0,0,0,0,0,0,0,0,0,0,0,0,0,0,0,0,0,0,0,0,0,0,0,0,0,0,0,0,0,0,0,0,0,0,0,0,0,0,0,0,0,0,0,0,0,0,0,0,0,0,0,0,0,0,0,0,0,0,0,2,2,2,3,2,0,3,3,2,0
Coupled map lattice approximations for spatially explicit individual-based models of ecology,"Brannstrom, A; Sumpter, DJT",,,,BULLETIN OF MATHEMATICAL BIOLOGY,JUL 2005,2005,67,4,,,,663,682,,10.1016/j.bulm.2004.09.006,,,19,1.46,0,0,0,0,0,0,0,0,0,0,0,0,0,0,0,0,0,0,0,0,0,0,0,0,0,0,0,0,0,0,0,0,0,0,0,0,0,0,0,0,0,0,0,0,0,0,0,0,0,0,0,0,0,0,0,0,0,0,0,0,0,0,0,0,0,0,0,0,0,0,0,0,0,0,0,0,0,0,0,0,0,0,0,0,0,0,0,0,0,0,0,0,0,0,0,0,0,0,0,0,0,0,0,0,0,0,0,0,2,2,2,0,4,1,1,1,5,1,0
"Reconstructing the 2003/2004 H3N2 influenza epidemic in Switzerland with a spatially explicit, individual-based model","Smieszek, Timo; Balmer, Michael; Hattendorf, Jan; Axhausen, Kay W.; Zinsstag, Jakob; Scholz, Roland W.",,,,BMC INFECTIOUS DISEASES,MAY 9 2011,2011,11,,,,,,,115,10.1186/1471-2334-11-115,,,18,2.57,0,0,0,0,0,0,0,0,0,0,0,0,0,0,0,0,0,0,0,0,0,0,0,0,0,0,0,0,0,0,0,0,0,0,0,0,0,0,0,0,0,0,0,0,0,0,0,0,0,0,0,0,0,0,0,0,0,0,0,0,0,0,0,0,0,0,0,0,0,0,0,0,0,0,0,0,0,0,0,0,0,0,0,0,0,0,0,0,0,0,0,0,0,0,0,0,0,0,0,0,0,0,0,0,0,0,0,0,0,0,0,1,2,2,5,6,2,0,0
HIV Transmission by Stage of Infection and Pattern of Sexual Partnerships,"Kim, Jong-Hoon; Riolo, Rick L.; Koopman, James S.",,,,EPIDEMIOLOGY,SEP 2010,2010,21,5,,,,676,684,,10.1097/EDE.0b013e3181e6639f,,,18,2.25,0,0,0,0,0,0,0,0,0,0,0,0,0,0,0,0,0,0,0,0,0,0,0,0,0,0,0,0,0,0,0,0,0,0,0,0,0,0,0,0,0,0,0,0,0,0,0,0,0,0,0,0,0,0,0,0,0,0,0,0,0,0,0,0,0,0,0,0,0,0,0,0,0,0,0,0,0,0,0,0,0,0,0,0,0,0,0,0,0,0,0,0,0,0,0,0,0,0,0,0,0,0,0,0,0,0,0,0,0,0,0,1,3,7,1,3,1,2,0
Dynamics and management of infectious disease in colonizing populations,"Bar-David, S; Lloyd-Smith, JO; Getz, WM",,,,ECOLOGY,MAY 2006,2006,87,5,,,,1215,1224,,10.1890/0012-9658(2006)87[1215:DAMOID]2.0.CO;2,,,18,1.5,0,0,0,0,0,0,0,0,0,0,0,0,0,0,0,0,0,0,0,0,0,0,0,0,0,0,0,0,0,0,0,0,0,0,0,0,0,0,0,0,0,0,0,0,0,0,0,0,0,0,0,0,0,0,0,0,0,0,0,0,0,0,0,0,0,0,0,0,0,0,0,0,0,0,0,0,0,0,0,0,0,0,0,0,0,0,0,0,0,0,0,0,0,0,0,0,0,0,0,0,0,0,0,0,0,0,0,0,3,0,2,3,2,0,2,3,2,1,0
Modeling socio-demography to capture tuberculosis transmission dynamics in a low burden setting,"Guzzetta, Giorgio; Ajelli, Marco; Yang, Zhenhua; Merler, Stefano; Furlanello, Cesare; Kirschner, Denise",,,,JOURNAL OF THEORETICAL BIOLOGY,NOV 21 2011,2011,289,,,,,197,205,,10.1016/j.jtbi.2011.08.032,,,17,2.43,0,0,0,0,0,0,0,0,0,0,0,0,0,0,0,0,0,0,0,0,0,0,0,0,0,0,0,0,0,0,0,0,0,0,0,0,0,0,0,0,0,0,0,0,0,0,0,0,0,0,0,0,0,0,0,0,0,0,0,0,0,0,0,0,0,0,0,0,0,0,0,0,0,0,0,0,0,0,0,0,0,0,0,0,0,0,0,0,0,0,0,0,0,0,0,0,0,0,0,0,0,0,0,0,0,0,0,0,0,0,0,0,2,4,4,5,1,1,0
Evaluation of surveillance strategies for bovine brucellosis in Japan using a simulation model,"Yamamoto, Takehisa; Tsutsui, Toshiyuki; Nishiguchi, Akiko; Kobayashi, Sota",,,,PREVENTIVE VETERINARY MEDICINE,AUG 15 2008,2008,86,1-2,,,,57,74,,10.1016/j.prevetmed.2008.03.004,,,17,1.7,0,0,0,0,0,0,0,0,0,0,0,0,0,0,0,0,0,0,0,0,0,0,0,0,0,0,0,0,0,0,0,0,0,0,0,0,0,0,0,0,0,0,0,0,0,0,0,0,0,0,0,0,0,0,0,0,0,0,0,0,0,0,0,0,0,0,0,0,0,0,0,0,0,0,0,0,0,0,0,0,0,0,0,0,0,0,0,0,0,0,0,0,0,0,0,0,0,0,0,0,0,0,0,0,0,0,0,0,0,0,1,2,2,1,4,3,3,1,0
"Importance of factors determining the effective lifetime of a mass, long-lasting, insecticidal net distribution: a sensitivity analysis","Briet, Olivier J. T.; Hardy, Diggory; Smith, Thomas A.",,,,MALARIA JOURNAL,JAN 13 2012,2012,11,,,,,,,20,10.1186/1475-2875-11-20,,,16,2.67,0,0,0,0,0,0,0,0,0,0,0,0,0,0,0,0,0,0,0,0,0,0,0,0,0,0,0,0,0,0,0,0,0,0,0,0,0,0,0,0,0,0,0,0,0,0,0,0,0,0,0,0,0,0,0,0,0,0,0,0,0,0,0,0,0,0,0,0,0,0,0,0,0,0,0,0,0,0,0,0,0,0,0,0,0,0,0,0,0,0,0,0,0,0,0,0,0,0,0,0,0,0,0,0,0,0,0,0,0,0,0,0,1,9,2,2,2,0,0
Hepatitis C Treatment as Prevention of Viral Transmission and Liver-Related Morbidity in Persons Who Inject Drugs,"Cousien, Anthony; Tran, Viet Chi; Deuffic-Burban, Sylvie; Jauffret-Roustide, Marie; Dhersin, Jean-Stephane; Yazdanpanah, Yazdan",,,,HEPATOLOGY,APR 2016,2016,63,4,,,,1090,1101,,10.1002/hep.28227,,,15,7.5,0,0,0,0,0,0,0,0,0,0,0,0,0,0,0,0,0,0,0,0,0,0,0,0,0,0,0,0,0,0,0,0,0,0,0,0,0,0,0,0,0,0,0,0,0,0,0,0,0,0,0,0,0,0,0,0,0,0,0,0,0,0,0,0,0,0,0,0,0,0,0,0,0,0,0,0,0,0,0,0,0,0,0,0,0,0,0,0,0,0,0,0,0,0,0,0,0,0,0,0,0,0,0,0,0,0,0,0,0,0,0,0,0,0,0,0,4,11,0
Modeling dengue outbreaks,"Otero, Marcelo; Barmak, Daniel H.; Dorso, Claudio O.; Solari, Hernan G.; Natiello, Mario A.",,,,MATHEMATICAL BIOSCIENCES,AUG 2011,2011,232,2,,,,87,95,,10.1016/j.mbs.2011.04.006,,,15,2.14,0,0,0,0,0,0,0,0,0,0,0,0,0,0,0,0,0,0,0,0,0,0,0,0,0,0,0,0,0,0,0,0,0,0,0,0,0,0,0,0,0,0,0,0,0,0,0,0,0,0,0,0,0,0,0,0,0,0,0,0,0,0,0,0,0,0,0,0,0,0,0,0,0,0,0,0,0,0,0,0,0,0,0,0,0,0,0,0,0,0,0,0,0,0,0,0,0,0,0,0,0,0,0,0,0,0,0,0,0,0,0,0,1,1,9,3,1,0,0
"Influenza epidemic spread simulation for Poland - a large scale, individual based model study","Rakowski, Franciszek; Gruziel, Magdalena; Bieniasz-Krzywiec, Lukasz; Radomski, Jan P.",,,,PHYSICA A-STATISTICAL MECHANICS AND ITS APPLICATIONS,AUG 15 2010,2010,389,16,,,,3149,3165,,10.1016/j.physa.2010.04.029,,,15,1.88,0,0,0,0,0,0,0,0,0,0,0,0,0,0,0,0,0,0,0,0,0,0,0,0,0,0,0,0,0,0,0,0,0,0,0,0,0,0,0,0,0,0,0,0,0,0,0,0,0,0,0,0,0,0,0,0,0,0,0,0,0,0,0,0,0,0,0,0,0,0,0,0,0,0,0,0,0,0,0,0,0,0,0,0,0,0,0,0,0,0,0,0,0,0,0,0,0,0,0,0,0,0,0,0,0,0,0,0,0,0,0,2,2,6,1,1,2,1,0
The Impact of Realistic Age Structure in Simple Models of Tuberculosis Transmission,"Brooks-Pollock, Ellen; Cohen, Ted; Murray, Megan",,,,PLOS ONE,JAN 7 2010,2010,5,1,,,,,,e8479,10.1371/journal.pone.0008479,,,15,1.88,0,0,0,0,0,0,0,0,0,0,0,0,0,0,0,0,0,0,0,0,0,0,0,0,0,0,0,0,0,0,0,0,0,0,0,0,0,0,0,0,0,0,0,0,0,0,0,0,0,0,0,0,0,0,0,0,0,0,0,0,0,0,0,0,0,0,0,0,0,0,0,0,0,0,0,0,0,0,0,0,0,0,0,0,0,0,0,0,0,0,0,0,0,0,0,0,0,0,0,0,0,0,0,0,0,0,0,0,0,0,0,1,7,5,1,1,0,0,0
Do toxic substances pose a threat to rehabilitation of lake trout in the Great Lakes? A review of the literature,"Zint, MT; Taylor, WW; Carl, L; Edsall, CC; Heinrich, J; Sippel, A; Lavis, D; Schaner, T",,,,JOURNAL OF GREAT LAKES RESEARCH,1995,1995,21,,,1,,530,546,,,1994 International Conference on Restoration of Lake Trout in the Laurentian Great Lakes (RESTORE),"JAN 10-14, 1994",15,0.65,0,0,0,0,0,0,0,0,0,0,0,0,0,0,0,0,0,0,0,0,0,0,0,0,0,0,0,0,0,0,0,0,0,0,0,0,0,0,0,0,0,0,0,0,0,0,0,0,0,0,0,0,0,0,0,0,0,0,0,0,0,0,0,0,0,0,0,0,0,0,0,0,0,0,0,0,0,0,0,0,0,0,0,0,0,0,0,0,0,0,0,0,0,0,0,4,0,1,2,0,1,2,0,2,0,0,0,1,1,0,0,0,0,0,0,1,0,0,0
Evaluating vaccination strategies for reducing infant respiratory syncytial virus infection in low-income settings,"Poletti, Piero; Merler, Stefano; Ajelli, Marco; Manfredi, Piero; Munywoki, Patrick K.; Nokes, D. James; Melegaro, Alessia",,,,BMC MEDICINE,MAR 10 2015,2015,13,,,,,,,49,10.1186/s12916-015-0283-x,,,14,4.67,0,0,0,0,0,0,0,0,0,0,0,0,0,0,0,0,0,0,0,0,0,0,0,0,0,0,0,0,0,0,0,0,0,0,0,0,0,0,0,0,0,0,0,0,0,0,0,0,0,0,0,0,0,0,0,0,0,0,0,0,0,0,0,0,0,0,0,0,0,0,0,0,0,0,0,0,0,0,0,0,0,0,0,0,0,0,0,0,0,0,0,0,0,0,0,0,0,0,0,0,0,0,0,0,0,0,0,0,0,0,0,0,0,0,0,2,7,5,0
Human mobility patterns predict divergent epidemic dynamics among cities,"Dalziel, Benjamin D.; Pourbohloul, Babak; Ellner, Stephen P.",,,,PROCEEDINGS OF THE ROYAL SOCIETY B-BIOLOGICAL SCIENCES,SEP 7 2013,2013,280,1766,,,,,,20130763,10.1098/rspb.2013.0763,,,14,2.8,0,0,0,0,0,0,0,0,0,0,0,0,0,0,0,0,0,0,0,0,0,0,0,0,0,0,0,0,0,0,0,0,0,0,0,0,0,0,0,0,0,0,0,0,0,0,0,0,0,0,0,0,0,0,0,0,0,0,0,0,0,0,0,0,0,0,0,0,0,0,0,0,0,0,0,0,0,0,0,0,0,0,0,0,0,0,0,0,0,0,0,0,0,0,0,0,0,0,0,0,0,0,0,0,0,0,0,0,0,0,0,0,0,0,2,8,1,3,0
Mathematical models to characterize early epidemic growth: A review,"Chowell, Gerardo; Sattenspiel, Lisa; Bansal, Shweta; Viboud, Cecile",,,,PHYSICS OF LIFE REVIEWS,SEP 2016,2016,18,,,,,66,97,,,,,13,6.5,0,0,0,0,0,0,0,0,0,0,0,0,0,0,0,0,0,0,0,0,0,0,0,0,0,0,0,0,0,0,0,0,0,0,0,0,0,0,0,0,0,0,0,0,0,0,0,0,0,0,0,0,0,0,0,0,0,0,0,0,0,0,0,0,0,0,0,0,0,0,0,0,0,0,0,0,0,0,0,0,0,0,0,0,0,0,0,0,0,0,0,0,0,0,0,0,0,0,0,0,0,0,0,0,0,0,0,0,0,0,0,0,0,0,0,0,10,3,0
Influence of husbandry and control measures on porcine circovirus type 2 (PCV-2) dynamics within a farrow-to-finish pig farm: A modelling approach,"Andraud, M.; Rose, N.; Grasland, B.; Pierre, J. S.; Jestin, A.; Madec, F.",,,,PREVENTIVE VETERINARY MEDICINE,NOV 1 2009,2009,92,1-2,,,,38,51,,10.1016/j.prevetmed.2009.07.009,,,13,1.44,0,0,0,0,0,0,0,0,0,0,0,0,0,0,0,0,0,0,0,0,0,0,0,0,0,0,0,0,0,0,0,0,0,0,0,0,0,0,0,0,0,0,0,0,0,0,0,0,0,0,0,0,0,0,0,0,0,0,0,0,0,0,0,0,0,0,0,0,0,0,0,0,0,0,0,0,0,0,0,0,0,0,0,0,0,0,0,0,0,0,0,0,0,0,0,0,0,0,0,0,0,0,0,0,0,0,0,0,0,0,0,3,3,2,2,1,2,0,0
An agent-based model driven by tropical rainfall to understand the spatio-temporal heterogeneity of a chikungunya outbreak,"Dommar, Carlos J.; Lowe, Rachel; Robinson, Marguerite; Rodo, Xavier",,,,ACTA TROPICA,JAN 2014,2014,129,,,,SI,61,73,,10.1016/j.actatropica.2013.08.004,,,12,3,0,0,0,0,0,0,0,0,0,0,0,0,0,0,0,0,0,0,0,0,0,0,0,0,0,0,0,0,0,0,0,0,0,0,0,0,0,0,0,0,0,0,0,0,0,0,0,0,0,0,0,0,0,0,0,0,0,0,0,0,0,0,0,0,0,0,0,0,0,0,0,0,0,0,0,0,0,0,0,0,0,0,0,0,0,0,0,0,0,0,0,0,0,0,0,0,0,0,0,0,0,0,0,0,0,0,0,0,0,0,0,0,0,0,2,3,4,3,0
Sensitivity Analysis of an Individual-Based Model for Simulation of Influenza Epidemics,"Nsoesie, Elaine O.; Beckman, Richard J.; Marathe, Madhav V.",,,,PLOS ONE,OCT 29 2012,2012,7,10,,,,,,e45414,10.1371/journal.pone.0045414,,,12,2,0,0,0,0,0,0,0,0,0,0,0,0,0,0,0,0,0,0,0,0,0,0,0,0,0,0,0,0,0,0,0,0,0,0,0,0,0,0,0,0,0,0,0,0,0,0,0,0,0,0,0,0,0,0,0,0,0,0,0,0,0,0,0,0,0,0,0,0,0,0,0,0,0,0,0,0,0,0,0,0,0,0,0,0,0,0,0,0,0,0,0,0,0,0,0,0,0,0,0,0,0,0,0,0,0,0,0,0,0,0,0,0,0,2,4,2,3,1,0
Potential overestimation of HPV vaccine impact due to unmasking of non-vaccine types: Quantification using a multi-type mathematical model,"Choi, Yoon Hong; Chapman, Ruth; Gay, Nigel; Jit, Mark",,,,VACCINE,MAY 14 2012,2012,30,23,,,,3383,3388,,10.1016/j.vaccine.2012.03.065,,,11,1.83,0,0,0,0,0,0,0,0,0,0,0,0,0,0,0,0,0,0,0,0,0,0,0,0,0,0,0,0,0,0,0,0,0,0,0,0,0,0,0,0,0,0,0,0,0,0,0,0,0,0,0,0,0,0,0,0,0,0,0,0,0,0,0,0,0,0,0,0,0,0,0,0,0,0,0,0,0,0,0,0,0,0,0,0,0,0,0,0,0,0,0,0,0,0,0,0,0,0,0,0,0,0,0,0,0,0,0,0,0,0,0,0,0,6,2,2,1,0,0
Mathematical and theoretical ecology: linking models with ecological processes INTRODUCTION,"Codling, Edward A.; Dumbrell, Alex J.",,,,INTERFACE FOCUS,APR 6 2012,2012,2,2,,,,144,149,,10.1098/rsfs.2012.0008,,,11,1.83,0,0,0,0,0,0,0,0,0,0,0,0,0,0,0,0,0,0,0,0,0,0,0,0,0,0,0,0,0,0,0,0,0,0,0,0,0,0,0,0,0,0,0,0,0,0,0,0,0,0,0,0,0,0,0,0,0,0,0,0,0,0,0,0,0,0,0,0,0,0,0,0,0,0,0,0,0,0,0,0,0,0,0,0,0,0,0,0,0,0,0,0,0,0,0,0,0,0,0,0,0,0,0,0,0,0,0,0,0,0,0,0,1,4,2,1,1,2,0
Development of an individual-based model for polioviruses: implications of the selection of network type and outcome metrics,"Rahmandad, H.; Hu, K.; Tebbens, R. J. Duintjer; Thompson, K. M.",,,,EPIDEMIOLOGY AND INFECTION,JUN 2011,2011,139,6,,,,836,848,,10.1017/S0950268810001676,,,11,1.57,0,0,0,0,0,0,0,0,0,0,0,0,0,0,0,0,0,0,0,0,0,0,0,0,0,0,0,0,0,0,0,0,0,0,0,0,0,0,0,0,0,0,0,0,0,0,0,0,0,0,0,0,0,0,0,0,0,0,0,0,0,0,0,0,0,0,0,0,0,0,0,0,0,0,0,0,0,0,0,0,0,0,0,0,0,0,0,0,0,0,0,0,0,0,0,0,0,0,0,0,0,0,0,0,0,0,0,0,0,0,0,0,0,3,1,4,2,1,0
Gastrointestinal nematode parasites of sheep: A dynamic model for their effect on liveweight gain,"Louie, K.; Vlassoff, A.; Mackay, A. D.",,,,INTERNATIONAL JOURNAL FOR PARASITOLOGY,FEB 2007,2007,37,2,,,,233,241,,10.1016/j.ijpara.2006.09.013,,,11,1,0,0,0,0,0,0,0,0,0,0,0,0,0,0,0,0,0,0,0,0,0,0,0,0,0,0,0,0,0,0,0,0,0,0,0,0,0,0,0,0,0,0,0,0,0,0,0,0,0,0,0,0,0,0,0,0,0,0,0,0,0,0,0,0,0,0,0,0,0,0,0,0,0,0,0,0,0,0,0,0,0,0,0,0,0,0,0,0,0,0,0,0,0,0,0,0,0,0,0,0,0,0,0,0,0,0,0,0,1,2,2,2,1,0,0,1,1,1,0
Individual-based models in the analysis of disease transmission in plant production chains: An application to potato brown rot,"Breukers, Annemarie; Kettenis, Dirk L.; Mourits, Monique; van der Werf, Wopke; Lansink, Alfons Oude",,,,AGRICULTURAL SYSTEMS,OCT 2006,2006,90,1-3,,,,112,131,,10.1016/j.agsy.2005.12.001,,,11,0.92,0,0,0,0,0,0,0,0,0,0,0,0,0,0,0,0,0,0,0,0,0,0,0,0,0,0,0,0,0,0,0,0,0,0,0,0,0,0,0,0,0,0,0,0,0,0,0,0,0,0,0,0,0,0,0,0,0,0,0,0,0,0,0,0,0,0,0,0,0,0,0,0,0,0,0,0,0,0,0,0,0,0,0,0,0,0,0,0,0,0,0,0,0,0,0,0,0,0,0,0,0,0,0,0,0,0,0,2,2,0,1,1,2,0,1,0,2,0,0
Quasicycles revisited: apparent sensitivity to initial conditions,"Pascual, M; Mazzega, P",,,,THEORETICAL POPULATION BIOLOGY,NOV 2003,2003,64,3,,,,385,395,,10.1016/S0040-5809(03)00086-8,,,11,0.73,0,0,0,0,0,0,0,0,0,0,0,0,0,0,0,0,0,0,0,0,0,0,0,0,0,0,0,0,0,0,0,0,0,0,0,0,0,0,0,0,0,0,0,0,0,0,0,0,0,0,0,0,0,0,0,0,0,0,0,0,0,0,0,0,0,0,0,0,0,0,0,0,0,0,0,0,0,0,0,0,0,0,0,0,0,0,0,0,0,0,0,0,0,0,0,0,0,0,0,0,0,0,0,0,2,1,1,0,2,2,0,1,0,0,2,0,0,0,0
Timing and severity of immunizing diseases in rabbits is controlled by seasonal matching of host and pathogen dynamics,"Wells, Konstans; Brook, Barry W.; Lacy, Robert C.; Mutze, Greg J.; Peacock, David E.; Sinclair, Ron G.; Schwensow, Nina; Cassey, Phillip; O'Hara, Robert B.; Fordham, Damien A.",,,,Journal of the Royal Society Interface,FEB 6 2015,2015,12,103,,,,,,UNSP 20141184,10.1098/rsif.2014.1184,,,10,3.33,0,0,0,0,0,0,0,0,0,0,0,0,0,0,0,0,0,0,0,0,0,0,0,0,0,0,0,0,0,0,0,0,0,0,0,0,0,0,0,0,0,0,0,0,0,0,0,0,0,0,0,0,0,0,0,0,0,0,0,0,0,0,0,0,0,0,0,0,0,0,0,0,0,0,0,0,0,0,0,0,0,0,0,0,0,0,0,0,0,0,0,0,0,0,0,0,0,0,0,0,0,0,0,0,0,0,0,0,0,0,0,0,0,0,0,0,9,1,0
Detectable signals of episodic risk effects on acute HIV transmission: Strategies for analyzing transmission systems using genetic data,"Alam, Shah Jamal; Zhang, Xinyu; Romero-Severson, Ethan Obie; Henry, Christopher; Zhong, Lin; Volz, Erik M.; Brenner, Bluma G.; Koopman, James S.",,,,EPIDEMICS,MAR 2013,2013,5,1,,,SI,44,55,,10.1016/j.epidem.2012.11.003,,,10,2,0,0,0,0,0,0,0,0,0,0,0,0,0,0,0,0,0,0,0,0,0,0,0,0,0,0,0,0,0,0,0,0,0,0,0,0,0,0,0,0,0,0,0,0,0,0,0,0,0,0,0,0,0,0,0,0,0,0,0,0,0,0,0,0,0,0,0,0,0,0,0,0,0,0,0,0,0,0,0,0,0,0,0,0,0,0,0,0,0,0,0,0,0,0,0,0,0,0,0,0,0,0,0,0,0,0,0,0,0,0,0,0,0,3,4,1,1,1,0
Impact of regulatory perturbations to disease spread through cattle movements in Great Britain,"Vernon, Matthew C.; Keeling, Matt J.",,,,PREVENTIVE VETERINARY MEDICINE,JUN 1 2012,2012,105,1-2,,,,110,117,,10.1016/j.prevetmed.2011.12.016,,,10,1.67,0,0,0,0,0,0,0,0,0,0,0,0,0,0,0,0,0,0,0,0,0,0,0,0,0,0,0,0,0,0,0,0,0,0,0,0,0,0,0,0,0,0,0,0,0,0,0,0,0,0,0,0,0,0,0,0,0,0,0,0,0,0,0,0,0,0,0,0,0,0,0,0,0,0,0,0,0,0,0,0,0,0,0,0,0,0,0,0,0,0,0,0,0,0,0,0,0,0,0,0,0,0,0,0,0,0,0,0,0,0,0,0,0,2,2,4,1,1,0
A Simulation Optimization Approach to Epidemic Forecasting,"Nsoesie, Elaine O.; Beckman, Richard J.; Shashaani, Sara; Nagaraj, Kalyani S.; Marathe, Madhav V.",,,,PLOS ONE,JUN 27 2013,2013,8,6,,,,,,e67164,10.1371/journal.pone.0067164,,,9,1.8,0,0,0,0,0,0,0,0,0,0,0,0,0,0,0,0,0,0,0,0,0,0,0,0,0,0,0,0,0,0,0,0,0,0,0,0,0,0,0,0,0,0,0,0,0,0,0,0,0,0,0,0,0,0,0,0,0,0,0,0,0,0,0,0,0,0,0,0,0,0,0,0,0,0,0,0,0,0,0,0,0,0,0,0,0,0,0,0,0,0,0,0,0,0,0,0,0,0,0,0,0,0,0,0,0,0,0,0,0,0,0,0,0,0,2,4,2,1,0
"Coevolution of Epidemics, Social Networks, and Individual Behavior: A Case Study","Chen, Jiangzhuo; Marathe, Achla; Marathe, Madhav",,,"Chai, SK; Salerno, JJ; Mabry, PL","ADVANCES IN SOCIAL COMPUTING, PROCEEDINGS",2010,2010,6007,,,,,218,227,,,"3rd International Workshop on Social Computing, Behavioral Modeling and Prediction","MAR 30-31, 2010",9,1.12,0,0,0,0,0,0,0,0,0,0,0,0,0,0,0,0,0,0,0,0,0,0,0,0,0,0,0,0,0,0,0,0,0,0,0,0,0,0,0,0,0,0,0,0,0,0,0,0,0,0,0,0,0,0,0,0,0,0,0,0,0,0,0,0,0,0,0,0,0,0,0,0,0,0,0,0,0,0,0,0,0,0,0,0,0,0,0,0,0,0,0,0,0,0,0,0,0,0,0,0,0,0,0,0,0,0,0,0,0,0,0,0,3,4,0,1,1,0,0
Simulation study to assess the efficiency of a test-and-cull scheme to control the spread of the bovine viral-diarrhoea virus in a dairy herd,"Viet, A. -F.; Fourichon, C.; Seegers, H.",,,,PREVENTIVE VETERINARY MEDICINE,OCT 17 2006,2006,76,3-4,,,,151,166,,10.1016/j.prevetmed.2006.04.013,,,9,0.75,0,0,0,0,0,0,0,0,0,0,0,0,0,0,0,0,0,0,0,0,0,0,0,0,0,0,0,0,0,0,0,0,0,0,0,0,0,0,0,0,0,0,0,0,0,0,0,0,0,0,0,0,0,0,0,0,0,0,0,0,0,0,0,0,0,0,0,0,0,0,0,0,0,0,0,0,0,0,0,0,0,0,0,0,0,0,0,0,0,0,0,0,0,0,0,0,0,0,0,0,0,0,0,0,0,0,0,0,1,1,1,3,0,1,2,0,0,0,0
Interpreting malaria age-prevalence and incidence curves: a simulation study of the effects of different types of heterogeneity,"Ross, Amanda; Smith, Thomas",,,,MALARIA JOURNAL,MAY 17 2010,2010,9,,,,,,,132,10.1186/1475-2875-9-132,,,8,1,0,0,0,0,0,0,0,0,0,0,0,0,0,0,0,0,0,0,0,0,0,0,0,0,0,0,0,0,0,0,0,0,0,0,0,0,0,0,0,0,0,0,0,0,0,0,0,0,0,0,0,0,0,0,0,0,0,0,0,0,0,0,0,0,0,0,0,0,0,0,0,0,0,0,0,0,0,0,0,0,0,0,0,0,0,0,0,0,0,0,0,0,0,0,0,0,0,0,0,0,0,0,0,0,0,0,0,0,0,0,0,0,3,1,0,2,1,1,0
Spatial modeling of personalized exposure dynamics: the case of pesticide use in small-scale agricultural production landscapes of the developing world,"Leyk, Stefan; Binder, Claudia R.; Nuckols, John R.",,,,INTERNATIONAL JOURNAL OF HEALTH GEOGRAPHICS,MAR 30 2009,2009,8,,,,,,,17,10.1186/1476-072X-8-17,,,8,0.89,0,0,0,0,0,0,0,0,0,0,0,0,0,0,0,0,0,0,0,0,0,0,0,0,0,0,0,0,0,0,0,0,0,0,0,0,0,0,0,0,0,0,0,0,0,0,0,0,0,0,0,0,0,0,0,0,0,0,0,0,0,0,0,0,0,0,0,0,0,0,0,0,0,0,0,0,0,0,0,0,0,0,0,0,0,0,0,0,0,0,0,0,0,0,0,0,0,0,0,0,0,0,0,0,0,0,0,0,0,0,1,2,0,2,2,0,0,1,0
Variability and Determinants of Wood Dust and Resin Acid Exposure during Wood Pellet Production: Measurement Strategies and Bias in Assessing Exposure-Response Relationships,"Hagstrom, Katja; Lundholm, Cecilia; Eriksson, Kare; Liljelind, Ingrid",,,,ANNALS OF OCCUPATIONAL HYGIENE,NOV 2008,2008,52,8,,,,685,694,,10.1093/annhyg/men052,,,8,0.8,0,0,0,0,0,0,0,0,0,0,0,0,0,0,0,0,0,0,0,0,0,0,0,0,0,0,0,0,0,0,0,0,0,0,0,0,0,0,0,0,0,0,0,0,0,0,0,0,0,0,0,0,0,0,0,0,0,0,0,0,0,0,0,0,0,0,0,0,0,0,0,0,0,0,0,0,0,0,0,0,0,0,0,0,0,0,0,0,0,0,0,0,0,0,0,0,0,0,0,0,0,0,0,0,0,0,0,0,0,1,0,1,0,2,1,1,1,1,0
An agent-based movement model to assess the impact of landscape fragmentation on disease transmission,"Tracey, Jeff A.; Bevins, Sarah N.; VandeWoude, Sue; Crooks, Kevin R.",,,,ECOSPHERE,SEP 2014,2014,5,9,,,,,,119,10.1890/ES13-00376.1,,,7,1.75,0,0,0,0,0,0,0,0,0,0,0,0,0,0,0,0,0,0,0,0,0,0,0,0,0,0,0,0,0,0,0,0,0,0,0,0,0,0,0,0,0,0,0,0,0,0,0,0,0,0,0,0,0,0,0,0,0,0,0,0,0,0,0,0,0,0,0,0,0,0,0,0,0,0,0,0,0,0,0,0,0,0,0,0,0,0,0,0,0,0,0,0,0,0,0,0,0,0,0,0,0,0,0,0,0,0,0,0,0,0,0,0,0,0,0,2,1,4,0
Modelling the effect of landscape heterogeneity on the efficacy of vaccination for wildlife infectious disease control,"Rees, Erin E.; Pond, Bruce A.; Tinline, Rowland R.; Belanger, Denise",,,,JOURNAL OF APPLIED ECOLOGY,AUG 2013,2013,50,4,,,,881,891,,10.1111/1365-2664.12101,,,7,1.4,0,0,0,0,0,0,0,0,0,0,0,0,0,0,0,0,0,0,0,0,0,0,0,0,0,0,0,0,0,0,0,0,0,0,0,0,0,0,0,0,0,0,0,0,0,0,0,0,0,0,0,0,0,0,0,0,0,0,0,0,0,0,0,0,0,0,0,0,0,0,0,0,0,0,0,0,0,0,0,0,0,0,0,0,0,0,0,0,0,0,0,0,0,0,0,0,0,0,0,0,0,0,0,0,0,0,0,0,0,0,0,0,0,0,3,1,1,2,0
Predictive Validation of an Influenza Spread Model,"Hyder, Ayaz; Buckeridge, David L.; Leung, Brian",,,,PLOS ONE,JUN 3 2013,2013,8,6,,,,,,e65459,10.1371/journal.pone.0065459,,,7,1.4,0,0,0,0,0,0,0,0,0,0,0,0,0,0,0,0,0,0,0,0,0,0,0,0,0,0,0,0,0,0,0,0,0,0,0,0,0,0,0,0,0,0,0,0,0,0,0,0,0,0,0,0,0,0,0,0,0,0,0,0,0,0,0,0,0,0,0,0,0,0,0,0,0,0,0,0,0,0,0,0,0,0,0,0,0,0,0,0,0,0,0,0,0,0,0,0,0,0,0,0,0,0,0,0,0,0,0,0,0,0,0,0,0,0,2,1,3,1,0
Modelling the Effects of Population Structure on Childhood Disease: The Case of Varicella,"Silhol, Romain; Boelle, Pierre-Yves",,,,PLOS COMPUTATIONAL BIOLOGY,JUL 2011,2011,7,7,,,,,,e1002105,10.1371/journal.pcbi.1002105,,,7,1,0,0,0,0,0,0,0,0,0,0,0,0,0,0,0,0,0,0,0,0,0,0,0,0,0,0,0,0,0,0,0,0,0,0,0,0,0,0,0,0,0,0,0,0,0,0,0,0,0,0,0,0,0,0,0,0,0,0,0,0,0,0,0,0,0,0,0,0,0,0,0,0,0,0,0,0,0,0,0,0,0,0,0,0,0,0,0,0,0,0,0,0,0,0,0,0,0,0,0,0,0,0,0,0,0,0,0,0,0,0,0,0,1,1,1,2,1,1,0
Structural validation of an individual-based model for plague epidemics simulation,"Laperriere, Vincent; Badariotti, Dominique; Banos, Arnaud; Mueller, Jean-Pierre",,,,ECOLOGICAL COMPLEXITY,JUN 2009,2009,6,2,,,,102,112,,10.1016/j.ecocom.2008.08.001,,,7,0.78,0,0,0,0,0,0,0,0,0,0,0,0,0,0,0,0,0,0,0,0,0,0,0,0,0,0,0,0,0,0,0,0,0,0,0,0,0,0,0,0,0,0,0,0,0,0,0,0,0,0,0,0,0,0,0,0,0,0,0,0,0,0,0,0,0,0,0,0,0,0,0,0,0,0,0,0,0,0,0,0,0,0,0,0,0,0,0,0,0,0,0,0,0,0,0,0,0,0,0,0,0,0,0,0,0,0,0,0,0,2,0,1,0,0,1,1,2,0,0
Lightening the performance burden of individual-based models through dimensional analysis and scale modeling,"Osgood, Nathaniel",,,,SYSTEM DYNAMICS REVIEW,APR-JUN 2009,2009,25,2,,,,101,134,,10.1002/sdr.417,,,7,0.78,0,0,0,0,0,0,0,0,0,0,0,0,0,0,0,0,0,0,0,0,0,0,0,0,0,0,0,0,0,0,0,0,0,0,0,0,0,0,0,0,0,0,0,0,0,0,0,0,0,0,0,0,0,0,0,0,0,0,0,0,0,0,0,0,0,0,0,0,0,0,0,0,0,0,0,0,0,0,0,0,0,0,0,0,0,0,0,0,0,0,0,0,0,0,0,0,0,0,0,0,0,0,0,0,0,0,0,0,0,0,0,0,1,1,1,2,1,1,0
Evaluating the Influence of Epidemiological Parameters and Host Ecology on the Spread of Phocine Distemper Virus through Populations of Harbour Seals,"Harris, Catriona M.; Travis, Justin M. J.; Harwood, John",,,,PLOS ONE,JUL 16 2008,2008,3,7,,,,,,e2710,10.1371/journal.pone.0002710,,,7,0.7,0,0,0,0,0,0,0,0,0,0,0,0,0,0,0,0,0,0,0,0,0,0,0,0,0,0,0,0,0,0,0,0,0,0,0,0,0,0,0,0,0,0,0,0,0,0,0,0,0,0,0,0,0,0,0,0,0,0,0,0,0,0,0,0,0,0,0,0,0,0,0,0,0,0,0,0,0,0,0,0,0,0,0,0,0,0,0,0,0,0,0,0,0,0,0,0,0,0,0,0,0,0,0,0,0,0,0,0,0,0,0,2,1,0,2,1,1,0,0
Mathematical Modelling of Leprosy and Its Control,"Blok, David J.; de Vlas, Sake J.; Fischer, Egil A. J.; Richardus, Jan Hendrik",,,"Anderson, RM; Basabez, MG","MATHEMATICAL MODELS FOR NEGLECTED TROPICAL DISEASES: ESSENTIAL TOOLS FOR CONTROL AND ELIMINATION, PT A",2015,2015,87,,,,,33,51,,10.1016/bs.apar.2014.12.002,,,6,2,0,0,0,0,0,0,0,0,0,0,0,0,0,0,0,0,0,0,0,0,0,0,0,0,0,0,0,0,0,0,0,0,0,0,0,0,0,0,0,0,0,0,0,0,0,0,0,0,0,0,0,0,0,0,0,0,0,0,0,0,0,0,0,0,0,0,0,0,0,0,0,0,0,0,0,0,0,0,0,0,0,0,0,0,0,0,0,0,0,0,0,0,0,0,0,0,0,0,0,0,0,0,0,0,0,0,0,0,0,0,0,0,0,0,0,2,2,2,0
Can Australia eliminate TB? Modelling immigration strategies for reaching MDG targets in a low-transmission setting,"Denholm, Justin T.; McBryde, Emma S.",,,,AUSTRALIAN AND NEW ZEALAND JOURNAL OF PUBLIC HEALTH,FEB 2014,2014,38,1,,,,78,82,,10.1111/1753-6405.12161,,,6,1.5,0,0,0,0,0,0,0,0,0,0,0,0,0,0,0,0,0,0,0,0,0,0,0,0,0,0,0,0,0,0,0,0,0,0,0,0,0,0,0,0,0,0,0,0,0,0,0,0,0,0,0,0,0,0,0,0,0,0,0,0,0,0,0,0,0,0,0,0,0,0,0,0,0,0,0,0,0,0,0,0,0,0,0,0,0,0,0,0,0,0,0,0,0,0,0,0,0,0,0,0,0,0,0,0,0,0,0,0,0,0,0,0,0,0,0,3,2,1,0
Epidemionics From the host-host interactions to the systematic analysis of the emergent macroscopic dynamics of epidemic networks,"Reppas, Andreas I.; Spiliotis, Konstantinos G.; Siettos, Constantinos Ioannis",,,,VIRULENCE,JUL-AUG 2010,2010,1,4,,,,338,349,,10.4161/viru.1.4.12196,,,6,0.75,0,0,0,0,0,0,0,0,0,0,0,0,0,0,0,0,0,0,0,0,0,0,0,0,0,0,0,0,0,0,0,0,0,0,0,0,0,0,0,0,0,0,0,0,0,0,0,0,0,0,0,0,0,0,0,0,0,0,0,0,0,0,0,0,0,0,0,0,0,0,0,0,0,0,0,0,0,0,0,0,0,0,0,0,0,0,0,0,0,0,0,0,0,0,0,0,0,0,0,0,0,0,0,0,0,0,0,0,0,0,0,0,1,3,1,0,0,1,0
Diversity and the maintenance of sex by parasites,"Ashby, B.; King, K. C.",,,,JOURNAL OF EVOLUTIONARY BIOLOGY,MAR 2015,2015,28,3,,,,511,520,,10.1111/jeb.12590,,,5,1.67,0,0,0,0,0,0,0,0,0,0,0,0,0,0,0,0,0,0,0,0,0,0,0,0,0,0,0,0,0,0,0,0,0,0,0,0,0,0,0,0,0,0,0,0,0,0,0,0,0,0,0,0,0,0,0,0,0,0,0,0,0,0,0,0,0,0,0,0,0,0,0,0,0,0,0,0,0,0,0,0,0,0,0,0,0,0,0,0,0,0,0,0,0,0,0,0,0,0,0,0,0,0,0,0,0,0,0,0,0,0,0,0,0,0,0,2,2,1,0
A network-patch methodology for adapting agent-based models for directly transmitted disease to mosquito-borne disease,"Manore, Carrie A.; Hickmann, Kyle S.; Hyman, James M.; Foppa, Ivo M.; Davis, Justin K.; Wesson, Dawn M.; Mores, Christopher N.",,,,JOURNAL OF BIOLOGICAL DYNAMICS,JAN 1 2015,2015,9,1,,,,52,72,,10.1080/17513758.2015.1005698,,,5,1.67,0,0,0,0,0,0,0,0,0,0,0,0,0,0,0,0,0,0,0,0,0,0,0,0,0,0,0,0,0,0,0,0,0,0,0,0,0,0,0,0,0,0,0,0,0,0,0,0,0,0,0,0,0,0,0,0,0,0,0,0,0,0,0,0,0,0,0,0,0,0,0,0,0,0,0,0,0,0,0,0,0,0,0,0,0,0,0,0,0,0,0,0,0,0,0,0,0,0,0,0,0,0,0,0,0,0,0,0,0,0,0,0,0,0,0,1,2,2,0
Epidemic Process over the Commute Network in a Metropolitan Area,"Yashima, Kenta; Sasaki, Akira",,,,PLOS ONE,JUN 6 2014,2014,9,6,,,,,,e98518,10.1371/journal.pone.0098518,,,5,1.25,0,0,0,0,0,0,0,0,0,0,0,0,0,0,0,0,0,0,0,0,0,0,0,0,0,0,0,0,0,0,0,0,0,0,0,0,0,0,0,0,0,0,0,0,0,0,0,0,0,0,0,0,0,0,0,0,0,0,0,0,0,0,0,0,0,0,0,0,0,0,0,0,0,0,0,0,0,0,0,0,0,0,0,0,0,0,0,0,0,0,0,0,0,0,0,0,0,0,0,0,0,0,0,0,0,0,0,0,0,0,0,0,0,0,0,2,2,1,0
Effect of the number of patches in a multi-patch SIRS model with fast migration on the basic reproduction rate,"Kouokam, Etienne; Auger, Pierre; Hbid, Hassan; Tchuente, Maurice",,,,ACTA BIOTHEORETICA,JUN 2008,2008,56,1-2,,,,75,86,,10.1007/s10441-008-9036-y,,,5,0.5,0,0,0,0,0,0,0,0,0,0,0,0,0,0,0,0,0,0,0,0,0,0,0,0,0,0,0,0,0,0,0,0,0,0,0,0,0,0,0,0,0,0,0,0,0,0,0,0,0,0,0,0,0,0,0,0,0,0,0,0,0,0,0,0,0,0,0,0,0,0,0,0,0,0,0,0,0,0,0,0,0,0,0,0,0,0,0,0,0,0,0,0,0,0,0,0,0,0,0,0,0,0,0,0,0,0,0,0,0,0,0,0,3,0,2,0,0,0,0
Effects of heterogeneity in infection-exposure history and immunity on the dynamics of a protozoan parasite,"Severins, Maite; Klinkenberg, Don; Heesterbeek, Hans",,,,JOURNAL OF THE ROYAL SOCIETY INTERFACE,OCT 22 2007,2007,4,16,,,,841,849,,10.1098/rsif.2007.1061,,,5,0.45,0,0,0,0,0,0,0,0,0,0,0,0,0,0,0,0,0,0,0,0,0,0,0,0,0,0,0,0,0,0,0,0,0,0,0,0,0,0,0,0,0,0,0,0,0,0,0,0,0,0,0,0,0,0,0,0,0,0,0,0,0,0,0,0,0,0,0,0,0,0,0,0,0,0,0,0,0,0,0,0,0,0,0,0,0,0,0,0,0,0,0,0,0,0,0,0,0,0,0,0,0,0,0,0,0,0,0,1,0,0,1,0,2,0,1,0,0,0,0
Influencing random transmission is a neutral character in hosts,"Rozsa, L",,,,JOURNAL OF PARASITOLOGY,DEC 1999,1999,85,6,,,,1032,1035,,10.2307/3285664,,,5,0.26,0,0,0,0,0,0,0,0,0,0,0,0,0,0,0,0,0,0,0,0,0,0,0,0,0,0,0,0,0,0,0,0,0,0,0,0,0,0,0,0,0,0,0,0,0,0,0,0,0,0,0,0,0,0,0,0,0,0,0,0,0,0,0,0,0,0,0,0,0,0,0,0,0,0,0,0,0,0,0,0,0,0,0,0,0,0,0,0,0,0,0,0,0,0,0,0,0,0,0,0,1,0,0,1,0,1,0,0,0,1,0,0,0,1,0,0,0,0,0
The effects of demographic change on disease transmission and vaccine impact in a household structured population,"Geard, Nicholas; Glass, Kathryn; McCaw, James M.; McBryde, Emma S.; Korb, Kevin B.; Keeling, Matt J.; McVernon, Jodie",,,,EPIDEMICS,DEC 2015,2015,13,,,,,56,64,,10.1016/j.epidem.2015.08.002,,,4,1.33,0,0,0,0,0,0,0,0,0,0,0,0,0,0,0,0,0,0,0,0,0,0,0,0,0,0,0,0,0,0,0,0,0,0,0,0,0,0,0,0,0,0,0,0,0,0,0,0,0,0,0,0,0,0,0,0,0,0,0,0,0,0,0,0,0,0,0,0,0,0,0,0,0,0,0,0,0,0,0,0,0,0,0,0,0,0,0,0,0,0,0,0,0,0,0,0,0,0,0,0,0,0,0,0,0,0,0,0,0,0,0,0,0,0,0,0,1,3,0
Individual-Based Modeling of Potential Poliovirus Transmission in Connected Religious Communities in North America With Low Uptake of Vaccination,"Kisjes, Kasper H.; Tebbens, Radboud J. Duintjer; Wallace, Gregory S.; Pallansch, Mark A.; Cochi, Stephen L.; Wassilak, Steven G. F.; Thompson, Kimberly M.",,,,JOURNAL OF INFECTIOUS DISEASES,NOV 1 2014,2014,210,,,1,,S424,S433,,10.1093/infdis/jit843,,,4,1,0,0,0,0,0,0,0,0,0,0,0,0,0,0,0,0,0,0,0,0,0,0,0,0,0,0,0,0,0,0,0,0,0,0,0,0,0,0,0,0,0,0,0,0,0,0,0,0,0,0,0,0,0,0,0,0,0,0,0,0,0,0,0,0,0,0,0,0,0,0,0,0,0,0,0,0,0,0,0,0,0,0,0,0,0,0,0,0,0,0,0,0,0,0,0,0,0,0,0,0,0,0,0,0,0,0,0,0,0,0,0,0,0,0,0,0,2,2,0
Simulating Population Genetics of Pathogen Vectors in Changing Landscapes: Guidelines and Application with Triatoma brasiliensis,"Rebaudo, Francois; Costa, Jane; Almeida, Carlos E.; Silvain, Jean-Francois; Harry, Myriam; Dangles, Olivier",,,,PLOS NEGLECTED TROPICAL DISEASES,AUG 2014,2014,8,8,,,,,,,10.1371/journal.pntd.0003068,,,4,1,0,0,0,0,0,0,0,0,0,0,0,0,0,0,0,0,0,0,0,0,0,0,0,0,0,0,0,0,0,0,0,0,0,0,0,0,0,0,0,0,0,0,0,0,0,0,0,0,0,0,0,0,0,0,0,0,0,0,0,0,0,0,0,0,0,0,0,0,0,0,0,0,0,0,0,0,0,0,0,0,0,0,0,0,0,0,0,0,0,0,0,0,0,0,0,0,0,0,0,0,0,0,0,0,0,0,0,0,0,0,0,0,0,0,0,0,2,2,0
Timing of the emergence of new successful viral strains in seasonal influenza,"Omori, Ryosuke; Sasaki, Akira",,,,JOURNAL OF THEORETICAL BIOLOGY,JUL 21 2013,2013,329,,,,,32,38,,10.1016/j.jtbi.2013.03.027,,,4,0.8,0,0,0,0,0,0,0,0,0,0,0,0,0,0,0,0,0,0,0,0,0,0,0,0,0,0,0,0,0,0,0,0,0,0,0,0,0,0,0,0,0,0,0,0,0,0,0,0,0,0,0,0,0,0,0,0,0,0,0,0,0,0,0,0,0,0,0,0,0,0,0,0,0,0,0,0,0,0,0,0,0,0,0,0,0,0,0,0,0,0,0,0,0,0,0,0,0,0,0,0,0,0,0,0,0,0,0,0,0,0,0,0,0,1,1,0,1,1,0
"Coupling infectious diseases, human preventive behavior, and networks - A conceptual framework for epidemic modeling","Mao, Liang; Yang, Yan",,,,SOCIAL SCIENCE & MEDICINE,JAN 2012,2012,74,2,,,,167,175,,10.1016/j.socscimed.2011.10.012,,,4,0.67,0,0,0,0,0,0,0,0,0,0,0,0,0,0,0,0,0,0,0,0,0,0,0,0,0,0,0,0,0,0,0,0,0,0,0,0,0,0,0,0,0,0,0,0,0,0,0,0,0,0,0,0,0,0,0,0,0,0,0,0,0,0,0,0,0,0,0,0,0,0,0,0,0,0,0,0,0,0,0,0,0,0,0,0,0,0,0,0,0,0,0,0,0,0,0,0,0,0,0,0,0,0,0,0,0,0,0,0,0,0,0,0,0,0,1,1,2,0,0
PRELIMINARY ANALYSIS OF AN AGENT-BASED MODEL FOR A TICK-BORNE DISEASE,"Gaff, Holly",,,,MATHEMATICAL BIOSCIENCES AND ENGINEERING,APR 2011,2011,8,2,,,SI,463,473,,10.3934/mbe.2011.8.463,,,4,0.57,0,0,0,0,0,0,0,0,0,0,0,0,0,0,0,0,0,0,0,0,0,0,0,0,0,0,0,0,0,0,0,0,0,0,0,0,0,0,0,0,0,0,0,0,0,0,0,0,0,0,0,0,0,0,0,0,0,0,0,0,0,0,0,0,0,0,0,0,0,0,0,0,0,0,0,0,0,0,0,0,0,0,0,0,0,0,0,0,0,0,0,0,0,0,0,0,0,0,0,0,0,0,0,0,0,0,0,0,0,0,0,0,0,1,0,1,1,1,0
An individual-based model of influenza in nosocomial environments,"Ong, Boon Som; Chen, Mark; Lee, Vernon; Tay, Joc Cing",,,"Bubak, M; VanAlbada, GD; Dongarra, J; Sloot, PMA","COMPUTATIONAL SCIENCE - ICCS 2008, PT 1",2008,2008,5101,,,,,590,+,,,8th International Conference on Computational Science,"JUN 23-25, 2008",4,0.4,0,0,0,0,0,0,0,0,0,0,0,0,0,0,0,0,0,0,0,0,0,0,0,0,0,0,0,0,0,0,0,0,0,0,0,0,0,0,0,0,0,0,0,0,0,0,0,0,0,0,0,0,0,0,0,0,0,0,0,0,0,0,0,0,0,0,0,0,0,0,0,0,0,0,0,0,0,0,0,0,0,0,0,0,0,0,0,0,0,0,0,0,0,0,0,0,0,0,0,0,0,0,0,0,0,0,0,0,0,1,0,1,0,0,0,0,1,1,0
Modelling of brown rot prevalence in the Dutch potato production chain over time: from state variable to individual-based models,"Breukers, A; Hagenaars, T; van der Werf, W; Lansink, AO",,,,NONLINEAR ANALYSIS-REAL WORLD APPLICATIONS,SEP 2005,2005,6,4,,,,797,815,,10.1016/j.nonrwa.2004.12.006,2nd Alcala International Conference on Mathematical Ecology (AICME2),"SEP 05-09, 2003",4,0.31,0,0,0,0,0,0,0,0,0,0,0,0,0,0,0,0,0,0,0,0,0,0,0,0,0,0,0,0,0,0,0,0,0,0,0,0,0,0,0,0,0,0,0,0,0,0,0,0,0,0,0,0,0,0,0,0,0,0,0,0,0,0,0,0,0,0,0,0,0,0,0,0,0,0,0,0,0,0,0,0,0,0,0,0,0,0,0,0,0,0,0,0,0,0,0,0,0,0,0,0,0,0,0,0,0,0,1,1,0,0,0,1,0,0,0,0,1,0,0
Elucidating transmission parameters of African swine fever through wild boar carcasses by combining spatio-temporal notification data and agent-based modelling,"Lange, Martin; Thulke, Hans-Hermann",,,,STOCHASTIC ENVIRONMENTAL RESEARCH AND RISK ASSESSMENT,FEB 2017,2017,31,2,,,,379,391,,10.1007/s00477-016-1358-8,,,3,3,0,0,0,0,0,0,0,0,0,0,0,0,0,0,0,0,0,0,0,0,0,0,0,0,0,0,0,0,0,0,0,0,0,0,0,0,0,0,0,0,0,0,0,0,0,0,0,0,0,0,0,0,0,0,0,0,0,0,0,0,0,0,0,0,0,0,0,0,0,0,0,0,0,0,0,0,0,0,0,0,0,0,0,0,0,0,0,0,0,0,0,0,0,0,0,0,0,0,0,0,0,0,0,0,0,0,0,0,0,0,0,0,0,0,0,0,0,3,0
"Cost-Effectiveness of Hepatitis C Treatment for People Who Inject Drugs and the Impact of the Type of Epidemic; Extrapolating from Amsterdam, the Netherlands","van Santen, Daniela K.; de Vos, Anneke S.; Matser, Amy; Willemse, Sophie B.; Lindenburg, Karen; Kretzschmar, Mirjam E. E.; Prins, Maria; de Wit, G. Ardine",,,,PLOS ONE,OCT 6 2016,2016,11,10,,,,,,e0163488,10.1371/journal.pone.0163488,,,3,1.5,0,0,0,0,0,0,0,0,0,0,0,0,0,0,0,0,0,0,0,0,0,0,0,0,0,0,0,0,0,0,0,0,0,0,0,0,0,0,0,0,0,0,0,0,0,0,0,0,0,0,0,0,0,0,0,0,0,0,0,0,0,0,0,0,0,0,0,0,0,0,0,0,0,0,0,0,0,0,0,0,0,0,0,0,0,0,0,0,0,0,0,0,0,0,0,0,0,0,0,0,0,0,0,0,0,0,0,0,0,0,0,0,0,0,0,0,0,3,0
Predicting the impact of border control on malaria transmission: a simulated focal screen and treat campaign,"Silal, Sheetal P.; Little, Francesca; Barnes, Karen I.; White, Lisa J.",,,,MALARIA JOURNAL,JUL 12 2015,2015,14,,,,,,,268,10.1186/s12936-015-0776-2,,,3,1,0,0,0,0,0,0,0,0,0,0,0,0,0,0,0,0,0,0,0,0,0,0,0,0,0,0,0,0,0,0,0,0,0,0,0,0,0,0,0,0,0,0,0,0,0,0,0,0,0,0,0,0,0,0,0,0,0,0,0,0,0,0,0,0,0,0,0,0,0,0,0,0,0,0,0,0,0,0,0,0,0,0,0,0,0,0,0,0,0,0,0,0,0,0,0,0,0,0,0,0,0,0,0,0,0,0,0,0,0,0,0,0,0,0,0,0,2,1,0
High Incidence Is Not High Exposure: What Proportion of Prevention Trial Participants Are Exposed to HIV?,"Dimitrov, Dobromir; Donnell, Deborah; Brown, Elizabeth R.",,,,PLOS ONE,JAN 8 2015,2015,10,1,,,,,,e0115528,10.1371/journal.pone.0115528,,,3,1,0,0,0,0,0,0,0,0,0,0,0,0,0,0,0,0,0,0,0,0,0,0,0,0,0,0,0,0,0,0,0,0,0,0,0,0,0,0,0,0,0,0,0,0,0,0,0,0,0,0,0,0,0,0,0,0,0,0,0,0,0,0,0,0,0,0,0,0,0,0,0,0,0,0,0,0,0,0,0,0,0,0,0,0,0,0,0,0,0,0,0,0,0,0,0,0,0,0,0,0,0,0,0,0,0,0,0,0,0,0,0,0,0,0,0,0,2,1,0
Susceptible-infectious-recovered models revisited: From the individual level to the population level,"Magal, Pierre; Ruan, Shigui",,,,MATHEMATICAL BIOSCIENCES,APR 2014,2014,250,,,,,26,40,,10.1016/j.mbs.2014.02.001,,,3,0.75,0,0,0,0,0,0,0,0,0,0,0,0,0,0,0,0,0,0,0,0,0,0,0,0,0,0,0,0,0,0,0,0,0,0,0,0,0,0,0,0,0,0,0,0,0,0,0,0,0,0,0,0,0,0,0,0,0,0,0,0,0,0,0,0,0,0,0,0,0,0,0,0,0,0,0,0,0,0,0,0,0,0,0,0,0,0,0,0,0,0,0,0,0,0,0,0,0,0,0,0,0,0,0,0,0,0,0,0,0,0,0,0,0,0,0,1,1,1,0
Treatment as prevention among injecting drug users; extrapolating from the Amsterdam cohort study,"de Vos, Anneke S.; Prins, Maria; Coutinho, Roel A.; van der Helm, Jannie J.; Kretzschmar, Mirjam E. E.",,,,AIDS,MAR 27 2014,2014,28,6,,,,911,918,,10.1097/QAD.0000000000000190,,,3,0.75,0,0,0,0,0,0,0,0,0,0,0,0,0,0,0,0,0,0,0,0,0,0,0,0,0,0,0,0,0,0,0,0,0,0,0,0,0,0,0,0,0,0,0,0,0,0,0,0,0,0,0,0,0,0,0,0,0,0,0,0,0,0,0,0,0,0,0,0,0,0,0,0,0,0,0,0,0,0,0,0,0,0,0,0,0,0,0,0,0,0,0,0,0,0,0,0,0,0,0,0,0,0,0,0,0,0,0,0,0,0,0,0,0,0,0,1,1,1,0
A Dirichlet process model for classifying and forecasting epidemic curves,"Nsoesie, Elaine O.; Leman, Scotland C.; Marathe, Madhav V.",,,,BMC INFECTIOUS DISEASES,JAN 9 2014,2014,14,,,,,,,12,10.1186/1471-2334-14-12,,,3,0.75,0,0,0,0,0,0,0,0,0,0,0,0,0,0,0,0,0,0,0,0,0,0,0,0,0,0,0,0,0,0,0,0,0,0,0,0,0,0,0,0,0,0,0,0,0,0,0,0,0,0,0,0,0,0,0,0,0,0,0,0,0,0,0,0,0,0,0,0,0,0,0,0,0,0,0,0,0,0,0,0,0,0,0,0,0,0,0,0,0,0,0,0,0,0,0,0,0,0,0,0,0,0,0,0,0,0,0,0,0,0,0,0,0,0,0,2,1,0,0
Human mobility and population heterogeneity in the spread of an epidemic,"Merler, S.; Ajelli, M.",,,"Sloot, PMA; Albada, GDV; Dongarra, J","ICCS 2010 - INTERNATIONAL CONFERENCE ON COMPUTATIONAL SCIENCE, PROCEEDINGS",2010,2010,1,1,,,,2231,2238,,10.1016/j.procs.2010.04.250,International Conference on Computational Science (ICCS),"MAY 31-JUN 02, 2010",3,0.38,0,0,0,0,0,0,0,0,0,0,0,0,0,0,0,0,0,0,0,0,0,0,0,0,0,0,0,0,0,0,0,0,0,0,0,0,0,0,0,0,0,0,0,0,0,0,0,0,0,0,0,0,0,0,0,0,0,0,0,0,0,0,0,0,0,0,0,0,0,0,0,0,0,0,0,0,0,0,0,0,0,0,0,0,0,0,0,0,0,0,0,0,0,0,0,0,0,0,0,0,0,0,0,0,0,0,0,0,0,0,0,0,0,0,3,0,0,0,0
MATHEMATICAL MODELS OF TUBERCULOSIS: ACCOMPLISHMENTS AND FUTURE CHALLENGES,"Colijn, Caroline; Cohen, Ted; Murray, Megan",,,"Mondaini, RP; Dilao, R",BIOMAT 2006,2007,2007,,,,,,123,+,,10.1142/9789812708779_0008,International Symposium on Mathematical and Computational Biology (BIOMAT 2006),"NOV 27-30, 2006",3,0.27,0,0,0,0,0,0,0,0,0,0,0,0,0,0,0,0,0,0,0,0,0,0,0,0,0,0,0,0,0,0,0,0,0,0,0,0,0,0,0,0,0,0,0,0,0,0,0,0,0,0,0,0,0,0,0,0,0,0,0,0,0,0,0,0,0,0,0,0,0,0,0,0,0,0,0,0,0,0,0,0,0,0,0,0,0,0,0,0,0,0,0,0,0,0,0,0,0,0,0,0,0,0,0,0,0,0,0,0,0,0,0,0,1,1,1,0,0,0,0
Modeling of Mycobacterium avium subsp paratuberculosis dynamics in a dairy herd: An individual based approach,"Al-Mamun, Mohammad A.; Smith, Rebecca L.; Schukken, Ynte H.; Grohn, Yrjo T.",,,,JOURNAL OF THEORETICAL BIOLOGY,NOV 7 2016,2016,408,,,,,105,117,,10.1016/j.jtbi.2016.08.014,,,2,1,0,0,0,0,0,0,0,0,0,0,0,0,0,0,0,0,0,0,0,0,0,0,0,0,0,0,0,0,0,0,0,0,0,0,0,0,0,0,0,0,0,0,0,0,0,0,0,0,0,0,0,0,0,0,0,0,0,0,0,0,0,0,0,0,0,0,0,0,0,0,0,0,0,0,0,0,0,0,0,0,0,0,0,0,0,0,0,0,0,0,0,0,0,0,0,0,0,0,0,0,0,0,0,0,0,0,0,0,0,0,0,0,0,0,0,0,1,1,0
A model for the coupling of the Greater Bairam and local environmental factors in promoting Rift-Valley Fever epizootics in Egypt,"Gil, H.; Qualls, W. A.; Cosner, C.; DeAngelis, D. L.; Hassan, A.; Gad, A. M.; Ruan, S.; Cantrell, S. R.; Beier, J. C.",,,,PUBLIC HEALTH,JAN 2016,2016,130,,,,,64,71,,10.1016/j.puhe.2015.07.034,,,2,1,0,0,0,0,0,0,0,0,0,0,0,0,0,0,0,0,0,0,0,0,0,0,0,0,0,0,0,0,0,0,0,0,0,0,0,0,0,0,0,0,0,0,0,0,0,0,0,0,0,0,0,0,0,0,0,0,0,0,0,0,0,0,0,0,0,0,0,0,0,0,0,0,0,0,0,0,0,0,0,0,0,0,0,0,0,0,0,0,0,0,0,0,0,0,0,0,0,0,0,0,0,0,0,0,0,0,0,0,0,0,0,0,0,0,0,0,2,0,0
Evaluating HIV prevention strategies for populations in key affected groups: the example of Cabo Verde,"Monteiro, Joao Filipe G.; Galea, Sandro; Flanigan, Timothy; Monteiro, Maria de Lourdes; Friedman, Samuel R.; Marshall, Brandon D. L.",,,,INTERNATIONAL JOURNAL OF PUBLIC HEALTH,MAY 2015,2015,60,4,,,,457,466,,10.1007/s00038-015-0676-9,,,2,0.67,0,0,0,0,0,0,0,0,0,0,0,0,0,0,0,0,0,0,0,0,0,0,0,0,0,0,0,0,0,0,0,0,0,0,0,0,0,0,0,0,0,0,0,0,0,0,0,0,0,0,0,0,0,0,0,0,0,0,0,0,0,0,0,0,0,0,0,0,0,0,0,0,0,0,0,0,0,0,0,0,0,0,0,0,0,0,0,0,0,0,0,0,0,0,0,0,0,0,0,0,0,0,0,0,0,0,0,0,0,0,0,0,0,0,0,0,1,1,0
Mathematical formulation and validation of the Be-FAST model for Classical Swine Fever Virus spread between and within farms,"Ivorra, Benjamin; Martinez-Lopez, Beatriz; Sanchez-Vizcaino, Jose M.; Ramos, Angel M.",,,,ANNALS OF OPERATIONS RESEARCH,AUG 2014,2014,219,1,,,,25,47,,10.1007/s10479-012-1257-4,,,2,0.5,0,0,0,0,0,0,0,0,0,0,0,0,0,0,0,0,0,0,0,0,0,0,0,0,0,0,0,0,0,0,0,0,0,0,0,0,0,0,0,0,0,0,0,0,0,0,0,0,0,0,0,0,0,0,0,0,0,0,0,0,0,0,0,0,0,0,0,0,0,0,0,0,0,0,0,0,0,0,0,0,0,0,0,0,0,0,0,0,0,0,0,0,0,0,0,0,0,0,0,0,0,0,0,0,0,0,0,0,0,0,0,0,0,1,0,1,0,0,0
An individual-based simulation of pneumonic plague transmission following an outbreak and the significance of intervention compliance,"Williams, Andrew D. C.; Hall, Ian M.; Rubin, G. James; Amlot, Richard; Leach, Steve",,,,EPIDEMICS,JUN 2011,2011,3,2,,,,95,102,,10.1016/j.epidem.2011.03.001,,,2,0.29,0,0,0,0,0,0,0,0,0,0,0,0,0,0,0,0,0,0,0,0,0,0,0,0,0,0,0,0,0,0,0,0,0,0,0,0,0,0,0,0,0,0,0,0,0,0,0,0,0,0,0,0,0,0,0,0,0,0,0,0,0,0,0,0,0,0,0,0,0,0,0,0,0,0,0,0,0,0,0,0,0,0,0,0,0,0,0,0,0,0,0,0,0,0,0,0,0,0,0,0,0,0,0,0,0,0,0,0,0,0,0,0,0,0,0,0,1,1,0
A rigorous approach to investigating common assumptions about disease transmission,"McCaig, Chris; Begon, Mike; Norman, Rachel; Shankland, Carron",,,,THEORY IN BIOSCIENCES,MAR 2011,2011,130,1,,,SI,19,29,,10.1007/s12064-010-0106-8,,,2,0.29,0,0,0,0,0,0,0,0,0,0,0,0,0,0,0,0,0,0,0,0,0,0,0,0,0,0,0,0,0,0,0,0,0,0,0,0,0,0,0,0,0,0,0,0,0,0,0,0,0,0,0,0,0,0,0,0,0,0,0,0,0,0,0,0,0,0,0,0,0,0,0,0,0,0,0,0,0,0,0,0,0,0,0,0,0,0,0,0,0,0,0,0,0,0,0,0,0,0,0,0,0,0,0,0,0,0,0,0,0,0,0,1,0,0,0,0,1,0,0
Probabilistic information transmission in a network of coupled oscillators reveals speed-accuracy trade-off in responding to threats,"Chicoli, Amanda; Paley, Derek A.",,,,CHAOS,NOV 2016,2016,26,11,,,,,,116311,10.1063/1.4966682,,,1,0.5,0,0,0,0,0,0,0,0,0,0,0,0,0,0,0,0,0,0,0,0,0,0,0,0,0,0,0,0,0,0,0,0,0,0,0,0,0,0,0,0,0,0,0,0,0,0,0,0,0,0,0,0,0,0,0,0,0,0,0,0,0,0,0,0,0,0,0,0,0,0,0,0,0,0,0,0,0,0,0,0,0,0,0,0,0,0,0,0,0,0,0,0,0,0,0,0,0,0,0,0,0,0,0,0,0,0,0,0,0,0,0,0,0,0,0,0,1,0,0
A Novel Tool Improves Existing Estimates of Recent Tuberculosis Transmission in Settings of Sparse Data Collection,"Kasaie, Parastu; Mathema, Barun; Kelton, W. David; Azman, Andrew S.; Pennington, Jeff; Dowdy, David W.",,,,PLOS ONE,DEC 17 2015,2015,10,12,,,,,,e0144137,10.1371/journal.pone.0144137,,,1,0.33,0,0,0,0,0,0,0,0,0,0,0,0,0,0,0,0,0,0,0,0,0,0,0,0,0,0,0,0,0,0,0,0,0,0,0,0,0,0,0,0,0,0,0,0,0,0,0,0,0,0,0,0,0,0,0,0,0,0,0,0,0,0,0,0,0,0,0,0,0,0,0,0,0,0,0,0,0,0,0,0,0,0,0,0,0,0,0,0,0,0,0,0,0,0,0,0,0,0,0,0,0,0,0,0,0,0,0,0,0,0,0,0,0,0,0,0,0,1,0
Exploring the Contribution of Host Susceptibility to Epidemiological Patterns of Schistosoma japonicum Infection Using an Individual-Based Model,"Wang, Shuo; Spear, Robert C.",,,,AMERICAN JOURNAL OF TROPICAL MEDICINE AND HYGIENE,JUN 2015,2015,92,6,,,,1245,1252,,10.4269/ajtmh.14-0691,,,1,0.33,0,0,0,0,0,0,0,0,0,0,0,0,0,0,0,0,0,0,0,0,0,0,0,0,0,0,0,0,0,0,0,0,0,0,0,0,0,0,0,0,0,0,0,0,0,0,0,0,0,0,0,0,0,0,0,0,0,0,0,0,0,0,0,0,0,0,0,0,0,0,0,0,0,0,0,0,0,0,0,0,0,0,0,0,0,0,0,0,0,0,0,0,0,0,0,0,0,0,0,0,0,0,0,0,0,0,0,0,0,0,0,0,0,0,0,0,1,0,0
Evolution of acuteness in pathogen metapopulations: conflicts between classical and invasion-persistence trade-offs,"Shrestha, Sourya; Bjornstad, Ottar N.; King, Aaron A.",,,,THEORETICAL ECOLOGY,AUG 2014,2014,7,3,,,,299,311,,10.1007/s12080-014-0219-7,,,1,0.25,0,0,0,0,0,0,0,0,0,0,0,0,0,0,0,0,0,0,0,0,0,0,0,0,0,0,0,0,0,0,0,0,0,0,0,0,0,0,0,0,0,0,0,0,0,0,0,0,0,0,0,0,0,0,0,0,0,0,0,0,0,0,0,0,0,0,0,0,0,0,0,0,0,0,0,0,0,0,0,0,0,0,0,0,0,0,0,0,0,0,0,0,0,0,0,0,0,0,0,0,0,0,0,0,0,0,0,0,0,0,0,0,0,0,0,0,1,0,0
Design of a multimodel of a dairy cows herd attacked by mastitis,"Force, C; Perochon, L; Hill, DRC",,,,SIMULATION MODELLING PRACTICE AND THEORY,DEC 31 2002,2002,10,8,,,,543,554,,10.1016/S1569-190X(02)00134-X,,,1,0.06,0,0,0,0,0,0,0,0,0,0,0,0,0,0,0,0,0,0,0,0,0,0,0,0,0,0,0,0,0,0,0,0,0,0,0,0,0,0,0,0,0,0,0,0,0,0,0,0,0,0,0,0,0,0,0,0,0,0,0,0,0,0,0,0,0,0,0,0,0,0,0,0,0,0,0,0,0,0,0,0,0,0,0,0,0,0,0,0,0,0,0,0,0,0,0,0,0,0,0,0,0,0,0,0,0,0,0,0,0,0,1,0,0,0,0,0,0,0,0
Short Rotations in Forest Plantations Accelerate Virulence Evolution in Root-Rot Pathogenic Fungi,"Soularue, Jean-Paul; Robin, Cecile; Desprez-Loustau, Marie-Laure; Dutech, Cyril",,,,FORESTS,JUN 2017,2017,8,6,,,,,,205,10.3390/f8060205,,,0,0,0,0,0,0,0,0,0,0,0,0,0,0,0,0,0,0,0,0,0,0,0,0,0,0,0,0,0,0,0,0,0,0,0,0,0,0,0,0,0,0,0,0,0,0,0,0,0,0,0,0,0,0,0,0,0,0,0,0,0,0,0,0,0,0,0,0,0,0,0,0,0,0,0,0,0,0,0,0,0,0,0,0,0,0,0,0,0,0,0,0,0,0,0,0,0,0,0,0,0,0,0,0,0,0,0,0,0,0,0,0,0,0,0,0,0,0,0,0,0
Multiobjective synthesis of robust vaccination policies,"da Cruz, Andre R.; Cardoso, Rodrigo T. N.; Takahashi, Ricardo H. C.",,,,APPLIED SOFT COMPUTING,JAN 2017,2017,50,,,,,34,47,,10.1016/j.asoc.2016.11.010,,,0,0,0,0,0,0,0,0,0,0,0,0,0,0,0,0,0,0,0,0,0,0,0,0,0,0,0,0,0,0,0,0,0,0,0,0,0,0,0,0,0,0,0,0,0,0,0,0,0,0,0,0,0,0,0,0,0,0,0,0,0,0,0,0,0,0,0,0,0,0,0,0,0,0,0,0,0,0,0,0,0,0,0,0,0,0,0,0,0,0,0,0,0,0,0,0,0,0,0,0,0,0,0,0,0,0,0,0,0,0,0,0,0,0,0,0,0,0,0,0,0
"Cross-scale modeling of a vector-borne disease, from the individual to the metapopulation: The seasonal dynamics of sylvatic plague in Kazakhstan","Laperriere, Vincent; Brugger, Katharina; Rubel, Franz",,,,ECOLOGICAL MODELLING,DEC 24 2016,2016,342,,,,,34,48,,10.1016/j.ecolmodel.2016.09.023,,,0,0,0,0,0,0,0,0,0,0,0,0,0,0,0,0,0,0,0,0,0,0,0,0,0,0,0,0,0,0,0,0,0,0,0,0,0,0,0,0,0,0,0,0,0,0,0,0,0,0,0,0,0,0,0,0,0,0,0,0,0,0,0,0,0,0,0,0,0,0,0,0,0,0,0,0,0,0,0,0,0,0,0,0,0,0,0,0,0,0,0,0,0,0,0,0,0,0,0,0,0,0,0,0,0,0,0,0,0,0,0,0,0,0,0,0,0,0,0,0,0
School closure policies at municipality level for mitigating influenza spread: a model-based evaluation,"Ciavarella, Constanze; Fumanelli, Laura; Merler, Stefano; Cattuto, Ciro; Ajelli, Marco",,,,BMC INFECTIOUS DISEASES,OCT 18 2016,2016,16,,,,,,,576,10.1186/s12879-016-1918-z,,,0,0,0,0,0,0,0,0,0,0,0,0,0,0,0,0,0,0,0,0,0,0,0,0,0,0,0,0,0,0,0,0,0,0,0,0,0,0,0,0,0,0,0,0,0,0,0,0,0,0,0,0,0,0,0,0,0,0,0,0,0,0,0,0,0,0,0,0,0,0,0,0,0,0,0,0,0,0,0,0,0,0,0,0,0,0,0,0,0,0,0,0,0,0,0,0,0,0,0,0,0,0,0,0,0,0,0,0,0,0,0,0,0,0,0,0,0,0,0,0,0
Understanding the effects of different HIV transmission models in individual-based microsimulation of HIV epidemic dynamics in people who inject drugs,"Monteiro, J. F. G.; Escudero, D. J.; Weinreb, C.; Flanigan, T.; Galea, S.; Friedman, S. R.; Marshall, B. D. L.",,,,EPIDEMIOLOGY AND INFECTION,JUN 2016,2016,144,8,,,,1683,1700,,10.1017/S0950268815003180,,,0,0,0,0,0,0,0,0,0,0,0,0,0,0,0,0,0,0,0,0,0,0,0,0,0,0,0,0,0,0,0,0,0,0,0,0,0,0,0,0,0,0,0,0,0,0,0,0,0,0,0,0,0,0,0,0,0,0,0,0,0,0,0,0,0,0,0,0,0,0,0,0,0,0,0,0,0,0,0,0,0,0,0,0,0,0,0,0,0,0,0,0,0,0,0,0,0,0,0,0,0,0,0,0,0,0,0,0,0,0,0,0,0,0,0,0,0,0,0,0,0
An Individual-Based Model for Malware Propagation in Wireless Sensor Networks,"Martin del Rey, A.; Hernandez Encinas, A.; Hernandez Guillen, J. D.; Martin Vaquero, J.; Queiruga Dios, A.; Rodriguez Sanchez, G.",,,"Omatu, S; Selamat, A; Bocewicz, G; Sitek, P; Nielsen, I; GarciaGarcia, JA; Bajo, J","DISTRIBUTED COMPUTING AND ARTIFICIAL INTELLIGENCE, (DCAI 2016)",2016,2016,474,,,,,223,230,,10.1007/978-3-319-40162-1_24,13th International Conference on Distributed Computing and Artificial Intelligence (DCAI),"JUN 01-03, 2016",0,0,0,0,0,0,0,0,0,0,0,0,0,0,0,0,0,0,0,0,0,0,0,0,0,0,0,0,0,0,0,0,0,0,0,0,0,0,0,0,0,0,0,0,0,0,0,0,0,0,0,0,0,0,0,0,0,0,0,0,0,0,0,0,0,0,0,0,0,0,0,0,0,0,0,0,0,0,0,0,0,0,0,0,0,0,0,0,0,0,0,0,0,0,0,0,0,0,0,0,0,0,0,0,0,0,0,0,0,0,0,0,0,0,0,0,0,0,0,0,0
"The Dynamics of Avian Influenza: Individual-Based Model with Intervention Strategies in Traditional Trade Networks in Phitsanulok Province, Thailand","Wilasang, Chaiwat; Wiratsudakul, Anuwat; Chadsuthi, Sudarat",,,,COMPUTATIONAL AND MATHEMATICAL METHODS IN MEDICINE,2016,2016,,,,,,,,6832573,10.1155/2016/6832573,,,0,0,0,0,0,0,0,0,0,0,0,0,0,0,0,0,0,0,0,0,0,0,0,0,0,0,0,0,0,0,0,0,0,0,0,0,0,0,0,0,0,0,0,0,0,0,0,0,0,0,0,0,0,0,0,0,0,0,0,0,0,0,0,0,0,0,0,0,0,0,0,0,0,0,0,0,0,0,0,0,0,0,0,0,0,0,0,0,0,0,0,0,0,0,0,0,0,0,0,0,0,0,0,0,0,0,0,0,0,0,0,0,0,0,0,0,0,0,0,0,0
Mean-Field Semantics for a Process Calculus for Spatially-Explicit Ecological Models,"Toro, Mauricio; Philippou, Anna; Arboleda, Sair; Puerta, Maria; Velez S, Carlos M.",,,,ELECTRONIC PROCEEDINGS IN THEORETICAL COMPUTER SCIENCE,2016,2016,,204,,,,79,94,,10.4204/EPTCS.204.7,,,0,0,0,0,0,0,0,0,0,0,0,0,0,0,0,0,0,0,0,0,0,0,0,0,0,0,0,0,0,0,0,0,0,0,0,0,0,0,0,0,0,0,0,0,0,0,0,0,0,0,0,0,0,0,0,0,0,0,0,0,0,0,0,0,0,0,0,0,0,0,0,0,0,0,0,0,0,0,0,0,0,0,0,0,0,0,0,0,0,0,0,0,0,0,0,0,0,0,0,0,0,0,0,0,0,0,0,0,0,0,0,0,0,0,0,0,0,0,0,0,0
A Simple Geometric Validation Approach to Assess the Basic Behaviour of Space- and Time- Distributed Models of Epidemic Spread - An Example Using the Ontario Rabies Model,"Ludwig, A.; Berthiaume, P.; Richer, J.; Tinline, R.; Bigras-Poulin, M.",,,,TRANSBOUNDARY AND EMERGING DISEASES,APR 2014,2014,61,2,,,,147,155,,10.1111/tbed.12010,,,0,0,0,0,0,0,0,0,0,0,0,0,0,0,0,0,0,0,0,0,0,0,0,0,0,0,0,0,0,0,0,0,0,0,0,0,0,0,0,0,0,0,0,0,0,0,0,0,0,0,0,0,0,0,0,0,0,0,0,0,0,0,0,0,0,0,0,0,0,0,0,0,0,0,0,0,0,0,0,0,0,0,0,0,0,0,0,0,0,0,0,0,0,0,0,0,0,0,0,0,0,0,0,0,0,0,0,0,0,0,0,0,0,0,0,0,0,0,0,0,0
A SIR e-Epidemic Model for Computer Worms Based on Cellular Automata,"Martin del Rey, Angel",,,"Bielza, C; Salmeron, A; AlonsoBetanzos, A; Hidalgo, JI; Martinez, L; Troncoso, A; Corchado, E; Corchado, JM","ADVANCES IN ARTIFICIAL INTELLIGENCE, CAEPIA 2013",2013,2013,8109,,,,,228,238,,,15th Conference of the Spanish-Association-for-Artificial-Intelligence (CAEPIA),"SEP 17-20, 2013",0,0,0,0,0,0,0,0,0,0,0,0,0,0,0,0,0,0,0,0,0,0,0,0,0,0,0,0,0,0,0,0,0,0,0,0,0,0,0,0,0,0,0,0,0,0,0,0,0,0,0,0,0,0,0,0,0,0,0,0,0,0,0,0,0,0,0,0,0,0,0,0,0,0,0,0,0,0,0,0,0,0,0,0,0,0,0,0,0,0,0,0,0,0,0,0,0,0,0,0,0,0,0,0,0,0,0,0,0,0,0,0,0,0,0,0,0,0,0,0,0
The Contribution of Residents Who Cooperate With Ring-Vaccination Measures Against Smallpox Epidemic,"Sato, Hiroki; Sakurai, Yutaka",,,,DISASTER MEDICINE AND PUBLIC HEALTH PREPAREDNESS,OCT 2012,2012,6,3,,,,270,276,,,,,0,0,0,0,0,0,0,0,0,0,0,0,0,0,0,0,0,0,0,0,0,0,0,0,0,0,0,0,0,0,0,0,0,0,0,0,0,0,0,0,0,0,0,0,0,0,0,0,0,0,0,0,0,0,0,0,0,0,0,0,0,0,0,0,0,0,0,0,0,0,0,0,0,0,0,0,0,0,0,0,0,0,0,0,0,0,0,0,0,0,0,0,0,0,0,0,0,0,0,0,0,0,0,0,0,0,0,0,0,0,0,0,0,0,0,0,0,0,0,0,0
Evolutionary Outcomes of Human Infectious Diseases,"Ballesteros, Sebastien; Combadao, Jaime",,,"Psihoyios, G; Tsitouras, C","NUMERICAL ANALYSIS AND APPLIED MATHEMATICS, VOLS I-III",2010,2010,1281,,,,,741,742,,10.1063/1.3498587,International Conference on Numerical Analysis and Applied Mathematics,"SEP 19-25, 2010",0,0,0,0,0,0,0,0,0,0,0,0,0,0,0,0,0,0,0,0,0,0,0,0,0,0,0,0,0,0,0,0,0,0,0,0,0,0,0,0,0,0,0,0,0,0,0,0,0,0,0,0,0,0,0,0,0,0,0,0,0,0,0,0,0,0,0,0,0,0,0,0,0,0,0,0,0,0,0,0,0,0,0,0,0,0,0,0,0,0,0,0,0,0,0,0,0,0,0,0,0,0,0,0,0,0,0,0,0,0,0,0,0,0,0,0,0,0,0,0,0
"INVESTIGATING VIRAL HEPATITIS A DYNAMICS IN CAMPANIA, ITALY","Ajelli, Marco; Merler, Stefano",,,"Amsel, L; Hirsch, L",FOOD SCIENCE AND SECURITY,2009,2009,,,,,,125,145,,,,,0,0,0,0,0,0,0,0,0,0,0,0,0,0,0,0,0,0,0,0,0,0,0,0,0,0,0,0,0,0,0,0,0,0,0,0,0,0,0,0,0,0,0,0,0,0,0,0,0,0,0,0,0,0,0,0,0,0,0,0,0,0,0,0,0,0,0,0,0,0,0,0,0,0,0,0,0,0,0,0,0,0,0,0,0,0,0,0,0,0,0,0,0,0,0,0,0,0,0,0,0,0,0,0,0,0,0,0,0,0,0,0,0,0,0,0,0,0,0,0,0
Human daily behavior based simulation for epidemic transmission: A case study of SARS,"Zhou, Jieping; Gong, Jianhua; Li, Wenhang",,,"Chen, Q; Liang, RH; Pan, ZG","ICAT 2006: 16TH INTERNATIONAL CONFERENCE ON ARTIFICIAL REALITY AND TELEXISTENCE - WORSHOPS, PROCEEDINGS",2006,2006,,,,,,589,+,,,16th International Conference on Artificial Reality and Telexistence,"NOV 29-DEC 02, 2006",0,0,0,0,0,0,0,0,0,0,0,0,0,0,0,0,0,0,0,0,0,0,0,0,0,0,0,0,0,0,0,0,0,0,0,0,0,0,0,0,0,0,0,0,0,0,0,0,0,0,0,0,0,0,0,0,0,0,0,0,0,0,0,0,0,0,0,0,0,0,0,0,0,0,0,0,0,0,0,0,0,0,0,0,0,0,0,0,0,0,0,0,0,0,0,0,0,0,0,0,0,0,0,0,0,0,0,0,0,0,0,0,0,0,0,0,0,0,0,0,0
On the probability model for asthma attacks,"Schlink, U",,,,JOURNAL OF THEORETICAL BIOLOGY,APR 21 2002,2002,215,4,,,,405,414,,10.1006/jtbi.2002.2526,,,0,0,0,0,0,0,0,0,0,0,0,0,0,0,0,0,0,0,0,0,0,0,0,0,0,0,0,0,0,0,0,0,0,0,0,0,0,0,0,0,0,0,0,0,0,0,0,0,0,0,0,0,0,0,0,0,0,0,0,0,0,0,0,0,0,0,0,0,0,0,0,0,0,0,0,0,0,0,0,0,0,0,0,0,0,0,0,0,0,0,0,0,0,0,0,0,0,0,0,0,0,0,0,0,0,0,0,0,0,0,0,0,0,0,0,0,0,0,0,0,0
